idx	U_label	U	Ntot_target	target_density	beta	T	mu_L8_reference	L8_reference_Ntot	L8_reference_density	mu_probe	mu_label	probe_offset	probe_role	Lx	Ly	dtau	ntherm	nmeasurements	nbins	nupdates	account	out_parent	sid	seed	target_key	tuning_status	source_manifests	job_tag
0	Up3	3.0	12	0.333333333333	2.0	0.500000000000	-3.346644605949	22	0.343750000000	-3.366644605949	m3p366645	-0.02	minus_0p02	6	6	0.1	2000	10000	20	3	ccsd	/home/9pm/nUHubbard/runs/gce_mu_L6_L8seed_20260719/spinHS/Up3/Ntot012_n0.333333_b2p0_mum3p366645_minus_0p02	917000000	1907194000	Up3_L6_N012_b2p0	initial_L8_seed_pm0p02	scripts_interacting_qmc_ed_ce_gce_eqtime_L8_Up3_three_density_beta20_20260713_manifests_gce_prod_L8_Up3_spinHS_20260713_all.tsv	muL6Up3N12b2p0minus_0p02
1	Up3	3.0	12	0.333333333333	2.0	0.500000000000	-3.346644605949	22	0.343750000000	-3.346644605949	m3p346645	0.00	center	6	6	0.1	2000	10000	20	3	ccsd	/home/9pm/nUHubbard/runs/gce_mu_L6_L8seed_20260719/spinHS/Up3/Ntot012_n0.333333_b2p0_mum3p346645_center	917000001	1907194001	Up3_L6_N012_b2p0	initial_L8_seed_pm0p02	scripts_interacting_qmc_ed_ce_gce_eqtime_L8_Up3_three_density_beta20_20260713_manifests_gce_prod_L8_Up3_spinHS_20260713_all.tsv	muL6Up3N12b2p0center
2	Up3	3.0	12	0.333333333333	2.0	0.500000000000	-3.346644605949	22	0.343750000000	-3.326644605949	m3p326645	0.02	plus_0p02	6	6	0.1	2000	10000	20	3	ccsd	/home/9pm/nUHubbard/runs/gce_mu_L6_L8seed_20260719/spinHS/Up3/Ntot012_n0.333333_b2p0_mum3p326645_plus_0p02	917000002	1907194002	Up3_L6_N012_b2p0	initial_L8_seed_pm0p02	scripts_interacting_qmc_ed_ce_gce_eqtime_L8_Up3_three_density_beta20_20260713_manifests_gce_prod_L8_Up3_spinHS_20260713_all.tsv	muL6Up3N12b2p0plus_0p02
3	Up3	3.0	12	0.333333333333	2.2	0.454545454545	-3.320419018164	22	0.343750000000	-3.340419018164	m3p340419	-0.02	minus_0p02	6	6	0.1	2000	10000	20	3	ccsd	/home/9pm/nUHubbard/runs/gce_mu_L6_L8seed_20260719/spinHS/Up3/Ntot012_n0.333333_b2p2_mum3p340419_minus_0p02	917000003	1907194003	Up3_L6_N012_b2p2	initial_L8_seed_pm0p02	scripts_interacting_qmc_ed_ce_gce_eqtime_L8_Up3_three_density_beta20_20260713_manifests_gce_prod_L8_Up3_spinHS_20260713_all.tsv	muL6Up3N12b2p2minus_0p02
4	Up3	3.0	12	0.333333333333	2.2	0.454545454545	-3.320419018164	22	0.343750000000	-3.320419018164	m3p320419	0.00	center	6	6	0.1	2000	10000	20	3	ccsd	/home/9pm/nUHubbard/runs/gce_mu_L6_L8seed_20260719/spinHS/Up3/Ntot012_n0.333333_b2p2_mum3p320419_center	917000004	1907194004	Up3_L6_N012_b2p2	initial_L8_seed_pm0p02	scripts_interacting_qmc_ed_ce_gce_eqtime_L8_Up3_three_density_beta20_20260713_manifests_gce_prod_L8_Up3_spinHS_20260713_all.tsv	muL6Up3N12b2p2center
5	Up3	3.0	12	0.333333333333	2.2	0.454545454545	-3.320419018164	22	0.343750000000	-3.300419018164	m3p300419	0.02	plus_0p02	6	6	0.1	2000	10000	20	3	ccsd	/home/9pm/nUHubbard/runs/gce_mu_L6_L8seed_20260719/spinHS/Up3/Ntot012_n0.333333_b2p2_mum3p300419_plus_0p02	917000005	1907194005	Up3_L6_N012_b2p2	initial_L8_seed_pm0p02	scripts_interacting_qmc_ed_ce_gce_eqtime_L8_Up3_three_density_beta20_20260713_manifests_gce_prod_L8_Up3_spinHS_20260713_all.tsv	muL6Up3N12b2p2plus_0p02
6	Up3	3.0	12	0.333333333333	2.5	0.400000000000	-3.291316966763	22	0.343750000000	-3.311316966763	m3p311317	-0.02	minus_0p02	6	6	0.1	2000	10000	20	3	ccsd	/home/9pm/nUHubbard/runs/gce_mu_L6_L8seed_20260719/spinHS/Up3/Ntot012_n0.333333_b2p5_mum3p311317_minus_0p02	917000006	1907194006	Up3_L6_N012_b2p5	initial_L8_seed_pm0p02	scripts_interacting_qmc_ed_ce_gce_eqtime_L8_Up3_three_density_beta20_20260713_manifests_gce_prod_L8_Up3_spinHS_20260713_all.tsv	muL6Up3N12b2p5minus_0p02
7	Up3	3.0	12	0.333333333333	2.5	0.400000000000	-3.291316966763	22	0.343750000000	-3.291316966763	m3p291317	0.00	center	6	6	0.1	2000	10000	20	3	ccsd	/home/9pm/nUHubbard/runs/gce_mu_L6_L8seed_20260719/spinHS/Up3/Ntot012_n0.333333_b2p5_mum3p291317_center	917000007	1907194007	Up3_L6_N012_b2p5	initial_L8_seed_pm0p02	scripts_interacting_qmc_ed_ce_gce_eqtime_L8_Up3_three_density_beta20_20260713_manifests_gce_prod_L8_Up3_spinHS_20260713_all.tsv	muL6Up3N12b2p5center
8	Up3	3.0	12	0.333333333333	2.5	0.400000000000	-3.291316966763	22	0.343750000000	-3.271316966763	m3p271317	0.02	plus_0p02	6	6	0.1	2000	10000	20	3	ccsd	/home/9pm/nUHubbard/runs/gce_mu_L6_L8seed_20260719/spinHS/Up3/Ntot012_n0.333333_b2p5_mum3p271317_plus_0p02	917000008	1907194008	Up3_L6_N012_b2p5	initial_L8_seed_pm0p02	scripts_interacting_qmc_ed_ce_gce_eqtime_L8_Up3_three_density_beta20_20260713_manifests_gce_prod_L8_Up3_spinHS_20260713_all.tsv	muL6Up3N12b2p5plus_0p02
9	Up3	3.0	12	0.333333333333	2.9	0.344827586207	-3.262404853663	22	0.343750000000	-3.282404853663	m3p282405	-0.02	minus_0p02	6	6	0.1	2000	10000	20	3	ccsd	/home/9pm/nUHubbard/runs/gce_mu_L6_L8seed_20260719/spinHS/Up3/Ntot012_n0.333333_b2p9_mum3p282405_minus_0p02	917000009	1907194009	Up3_L6_N012_b2p9	initial_L8_seed_pm0p02	scripts_interacting_qmc_ed_ce_gce_eqtime_L8_Up3_three_density_beta20_20260713_manifests_gce_prod_L8_Up3_spinHS_20260713_all.tsv	muL6Up3N12b2p9minus_0p02
10	Up3	3.0	12	0.333333333333	2.9	0.344827586207	-3.262404853663	22	0.343750000000	-3.262404853663	m3p262405	0.00	center	6	6	0.1	2000	10000	20	3	ccsd	/home/9pm/nUHubbard/runs/gce_mu_L6_L8seed_20260719/spinHS/Up3/Ntot012_n0.333333_b2p9_mum3p262405_center	917000010	1907194010	Up3_L6_N012_b2p9	initial_L8_seed_pm0p02	scripts_interacting_qmc_ed_ce_gce_eqtime_L8_Up3_three_density_beta20_20260713_manifests_gce_prod_L8_Up3_spinHS_20260713_all.tsv	muL6Up3N12b2p9center
11	Up3	3.0	12	0.333333333333	2.9	0.344827586207	-3.262404853663	22	0.343750000000	-3.242404853663	m3p242405	0.02	plus_0p02	6	6	0.1	2000	10000	20	3	ccsd	/home/9pm/nUHubbard/runs/gce_mu_L6_L8seed_20260719/spinHS/Up3/Ntot012_n0.333333_b2p9_mum3p242405_plus_0p02	917000011	1907194011	Up3_L6_N012_b2p9	initial_L8_seed_pm0p02	scripts_interacting_qmc_ed_ce_gce_eqtime_L8_Up3_three_density_beta20_20260713_manifests_gce_prod_L8_Up3_spinHS_20260713_all.tsv	muL6Up3N12b2p9plus_0p02
12	Up3	3.0	12	0.333333333333	3.3	0.303030303030	-3.239100333987	22	0.343750000000	-3.259100333987	m3p259100	-0.02	minus_0p02	6	6	0.1	2000	10000	20	3	ccsd	/home/9pm/nUHubbard/runs/gce_mu_L6_L8seed_20260719/spinHS/Up3/Ntot012_n0.333333_b3p3_mum3p259100_minus_0p02	917000012	1907194012	Up3_L6_N012_b3p3	initial_L8_seed_pm0p02	scripts_interacting_qmc_ed_ce_gce_eqtime_L8_Up3_three_density_beta20_20260713_manifests_gce_prod_L8_Up3_spinHS_20260713_all.tsv	muL6Up3N12b3p3minus_0p02
13	Up3	3.0	12	0.333333333333	3.3	0.303030303030	-3.239100333987	22	0.343750000000	-3.239100333987	m3p239100	0.00	center	6	6	0.1	2000	10000	20	3	ccsd	/home/9pm/nUHubbard/runs/gce_mu_L6_L8seed_20260719/spinHS/Up3/Ntot012_n0.333333_b3p3_mum3p239100_center	917000013	1907194013	Up3_L6_N012_b3p3	initial_L8_seed_pm0p02	scripts_interacting_qmc_ed_ce_gce_eqtime_L8_Up3_three_density_beta20_20260713_manifests_gce_prod_L8_Up3_spinHS_20260713_all.tsv	muL6Up3N12b3p3center
14	Up3	3.0	12	0.333333333333	3.3	0.303030303030	-3.239100333987	22	0.343750000000	-3.219100333987	m3p219100	0.02	plus_0p02	6	6	0.1	2000	10000	20	3	ccsd	/home/9pm/nUHubbard/runs/gce_mu_L6_L8seed_20260719/spinHS/Up3/Ntot012_n0.333333_b3p3_mum3p219100_plus_0p02	917000014	1907194014	Up3_L6_N012_b3p3	initial_L8_seed_pm0p02	scripts_interacting_qmc_ed_ce_gce_eqtime_L8_Up3_three_density_beta20_20260713_manifests_gce_prod_L8_Up3_spinHS_20260713_all.tsv	muL6Up3N12b3p3plus_0p02
15	Up3	3.0	12	0.333333333333	4.0	0.250000000000	-3.207438804261	22	0.343750000000	-3.227438804261	m3p227439	-0.02	minus_0p02	6	6	0.1	2000	10000	20	3	ccsd	/home/9pm/nUHubbard/runs/gce_mu_L6_L8seed_20260719/spinHS/Up3/Ntot012_n0.333333_b4p0_mum3p227439_minus_0p02	917000015	1907194015	Up3_L6_N012_b4p0	initial_L8_seed_pm0p02	scripts_interacting_qmc_ed_ce_gce_eqtime_L8_Up3_three_density_beta20_20260713_manifests_gce_prod_L8_Up3_spinHS_20260713_all.tsv	muL6Up3N12b4p0minus_0p02
16	Up3	3.0	12	0.333333333333	4.0	0.250000000000	-3.207438804261	22	0.343750000000	-3.207438804261	m3p207439	0.00	center	6	6	0.1	2000	10000	20	3	ccsd	/home/9pm/nUHubbard/runs/gce_mu_L6_L8seed_20260719/spinHS/Up3/Ntot012_n0.333333_b4p0_mum3p207439_center	917000016	1907194016	Up3_L6_N012_b4p0	initial_L8_seed_pm0p02	scripts_interacting_qmc_ed_ce_gce_eqtime_L8_Up3_three_density_beta20_20260713_manifests_gce_prod_L8_Up3_spinHS_20260713_all.tsv	muL6Up3N12b4p0center
17	Up3	3.0	12	0.333333333333	4.0	0.250000000000	-3.207438804261	22	0.343750000000	-3.187438804261	m3p187439	0.02	plus_0p02	6	6	0.1	2000	10000	20	3	ccsd	/home/9pm/nUHubbard/runs/gce_mu_L6_L8seed_20260719/spinHS/Up3/Ntot012_n0.333333_b4p0_mum3p187439_plus_0p02	917000017	1907194017	Up3_L6_N012_b4p0	initial_L8_seed_pm0p02	scripts_interacting_qmc_ed_ce_gce_eqtime_L8_Up3_three_density_beta20_20260713_manifests_gce_prod_L8_Up3_spinHS_20260713_all.tsv	muL6Up3N12b4p0plus_0p02
18	Up3	3.0	12	0.333333333333	5.0	0.200000000000	-3.174163223267	22	0.343750000000	-3.194163223267	m3p194163	-0.02	minus_0p02	6	6	0.1	2000	10000	20	3	ccsd	/home/9pm/nUHubbard/runs/gce_mu_L6_L8seed_20260719/spinHS/Up3/Ntot012_n0.333333_b5p0_mum3p194163_minus_0p02	917000018	1907194018	Up3_L6_N012_b5p0	initial_L8_seed_pm0p02	scripts_interacting_qmc_ed_ce_gce_eqtime_L8_Up3_three_density_beta20_20260713_manifests_gce_prod_L8_Up3_spinHS_20260713_all.tsv	muL6Up3N12b5p0minus_0p02
19	Up3	3.0	12	0.333333333333	5.0	0.200000000000	-3.174163223267	22	0.343750000000	-3.174163223267	m3p174163	0.00	center	6	6	0.1	2000	10000	20	3	ccsd	/home/9pm/nUHubbard/runs/gce_mu_L6_L8seed_20260719/spinHS/Up3/Ntot012_n0.333333_b5p0_mum3p174163_center	917000019	1907194019	Up3_L6_N012_b5p0	initial_L8_seed_pm0p02	scripts_interacting_qmc_ed_ce_gce_eqtime_L8_Up3_three_density_beta20_20260713_manifests_gce_prod_L8_Up3_spinHS_20260713_all.tsv	muL6Up3N12b5p0center
20	Up3	3.0	12	0.333333333333	5.0	0.200000000000	-3.174163223267	22	0.343750000000	-3.154163223267	m3p154163	0.02	plus_0p02	6	6	0.1	2000	10000	20	3	ccsd	/home/9pm/nUHubbard/runs/gce_mu_L6_L8seed_20260719/spinHS/Up3/Ntot012_n0.333333_b5p0_mum3p154163_plus_0p02	917000020	1907194020	Up3_L6_N012_b5p0	initial_L8_seed_pm0p02	scripts_interacting_qmc_ed_ce_gce_eqtime_L8_Up3_three_density_beta20_20260713_manifests_gce_prod_L8_Up3_spinHS_20260713_all.tsv	muL6Up3N12b5p0plus_0p02
21	Up3	3.0	12	0.333333333333	6.7	0.149253731343	-3.141656062908	22	0.343750000000	-3.161656062908	m3p161656	-0.02	minus_0p02	6	6	0.1	2000	10000	20	3	ccsd	/home/9pm/nUHubbard/runs/gce_mu_L6_L8seed_20260719/spinHS/Up3/Ntot012_n0.333333_b6p7_mum3p161656_minus_0p02	917000021	1907194021	Up3_L6_N012_b6p7	initial_L8_seed_pm0p02	scripts_interacting_qmc_ed_ce_gce_eqtime_L8_Up3_three_density_beta20_20260713_manifests_gce_prod_L8_Up3_spinHS_20260713_all.tsv	muL6Up3N12b6p7minus_0p02
22	Up3	3.0	12	0.333333333333	6.7	0.149253731343	-3.141656062908	22	0.343750000000	-3.141656062908	m3p141656	0.00	center	6	6	0.1	2000	10000	20	3	ccsd	/home/9pm/nUHubbard/runs/gce_mu_L6_L8seed_20260719/spinHS/Up3/Ntot012_n0.333333_b6p7_mum3p141656_center	917000022	1907194022	Up3_L6_N012_b6p7	initial_L8_seed_pm0p02	scripts_interacting_qmc_ed_ce_gce_eqtime_L8_Up3_three_density_beta20_20260713_manifests_gce_prod_L8_Up3_spinHS_20260713_all.tsv	muL6Up3N12b6p7center
23	Up3	3.0	12	0.333333333333	6.7	0.149253731343	-3.141656062908	22	0.343750000000	-3.121656062908	m3p121656	0.02	plus_0p02	6	6	0.1	2000	10000	20	3	ccsd	/home/9pm/nUHubbard/runs/gce_mu_L6_L8seed_20260719/spinHS/Up3/Ntot012_n0.333333_b6p7_mum3p121656_plus_0p02	917000023	1907194023	Up3_L6_N012_b6p7	initial_L8_seed_pm0p02	scripts_interacting_qmc_ed_ce_gce_eqtime_L8_Up3_three_density_beta20_20260713_manifests_gce_prod_L8_Up3_spinHS_20260713_all.tsv	muL6Up3N12b6p7plus_0p02
24	Up3	3.0	12	0.333333333333	10.0	0.100000000000	-3.123353500529	22	0.343750000000	-3.143353500529	m3p143354	-0.02	minus_0p02	6	6	0.1	2000	10000	20	3	ccsd	/home/9pm/nUHubbard/runs/gce_mu_L6_L8seed_20260719/spinHS/Up3/Ntot012_n0.333333_b10p0_mum3p143354_minus_0p02	917000024	1907194024	Up3_L6_N012_b10p0	initial_L8_seed_pm0p02	scripts_interacting_qmc_ed_ce_gce_eqtime_L8_Up3_three_density_beta20_20260713_manifests_gce_prod_L8_Up3_spinHS_20260713_all.tsv	muL6Up3N12b10p0minus_0p02
25	Up3	3.0	12	0.333333333333	10.0	0.100000000000	-3.123353500529	22	0.343750000000	-3.123353500529	m3p123354	0.00	center	6	6	0.1	2000	10000	20	3	ccsd	/home/9pm/nUHubbard/runs/gce_mu_L6_L8seed_20260719/spinHS/Up3/Ntot012_n0.333333_b10p0_mum3p123354_center	917000025	1907194025	Up3_L6_N012_b10p0	initial_L8_seed_pm0p02	scripts_interacting_qmc_ed_ce_gce_eqtime_L8_Up3_three_density_beta20_20260713_manifests_gce_prod_L8_Up3_spinHS_20260713_all.tsv	muL6Up3N12b10p0center
26	Up3	3.0	12	0.333333333333	10.0	0.100000000000	-3.123353500529	22	0.343750000000	-3.103353500529	m3p103354	0.02	plus_0p02	6	6	0.1	2000	10000	20	3	ccsd	/home/9pm/nUHubbard/runs/gce_mu_L6_L8seed_20260719/spinHS/Up3/Ntot012_n0.333333_b10p0_mum3p103354_plus_0p02	917000026	1907194026	Up3_L6_N012_b10p0	initial_L8_seed_pm0p02	scripts_interacting_qmc_ed_ce_gce_eqtime_L8_Up3_three_density_beta20_20260713_manifests_gce_prod_L8_Up3_spinHS_20260713_all.tsv	muL6Up3N12b10p0plus_0p02
27	Up3	3.0	18	0.500000000000	2.0	0.500000000000	-2.500236792942	32	0.500000000000	-2.520236792942	m2p520237	-0.02	minus_0p02	6	6	0.1	2000	10000	20	3	ccsd	/home/9pm/nUHubbard/runs/gce_mu_L6_L8seed_20260719/spinHS/Up3/Ntot018_n0.500000_b2p0_mum2p520237_minus_0p02	917000027	1907194027	Up3_L6_N018_b2p0	initial_L8_seed_pm0p02	scripts_interacting_qmc_ed_ce_gce_eqtime_L8_Up3_three_density_beta20_20260713_manifests_gce_prod_L8_Up3_spinHS_20260713_all.tsv	muL6Up3N18b2p0minus_0p02
28	Up3	3.0	18	0.500000000000	2.0	0.500000000000	-2.500236792942	32	0.500000000000	-2.500236792942	m2p500237	0.00	center	6	6	0.1	2000	10000	20	3	ccsd	/home/9pm/nUHubbard/runs/gce_mu_L6_L8seed_20260719/spinHS/Up3/Ntot018_n0.500000_b2p0_mum2p500237_center	917000028	1907194028	Up3_L6_N018_b2p0	initial_L8_seed_pm0p02	scripts_interacting_qmc_ed_ce_gce_eqtime_L8_Up3_three_density_beta20_20260713_manifests_gce_prod_L8_Up3_spinHS_20260713_all.tsv	muL6Up3N18b2p0center
29	Up3	3.0	18	0.500000000000	2.0	0.500000000000	-2.500236792942	32	0.500000000000	-2.480236792942	m2p480237	0.02	plus_0p02	6	6	0.1	2000	10000	20	3	ccsd	/home/9pm/nUHubbard/runs/gce_mu_L6_L8seed_20260719/spinHS/Up3/Ntot018_n0.500000_b2p0_mum2p480237_plus_0p02	917000029	1907194029	Up3_L6_N018_b2p0	initial_L8_seed_pm0p02	scripts_interacting_qmc_ed_ce_gce_eqtime_L8_Up3_three_density_beta20_20260713_manifests_gce_prod_L8_Up3_spinHS_20260713_all.tsv	muL6Up3N18b2p0plus_0p02
30	Up3	3.0	18	0.500000000000	2.2	0.454545454545	-2.478389555256	32	0.500000000000	-2.498389555256	m2p498390	-0.02	minus_0p02	6	6	0.1	2000	10000	20	3	ccsd	/home/9pm/nUHubbard/runs/gce_mu_L6_L8seed_20260719/spinHS/Up3/Ntot018_n0.500000_b2p2_mum2p498390_minus_0p02	917000030	1907194030	Up3_L6_N018_b2p2	initial_L8_seed_pm0p02	scripts_interacting_qmc_ed_ce_gce_eqtime_L8_Up3_three_density_beta20_20260713_manifests_gce_prod_L8_Up3_spinHS_20260713_all.tsv	muL6Up3N18b2p2minus_0p02
31	Up3	3.0	18	0.500000000000	2.2	0.454545454545	-2.478389555256	32	0.500000000000	-2.478389555256	m2p478390	0.00	center	6	6	0.1	2000	10000	20	3	ccsd	/home/9pm/nUHubbard/runs/gce_mu_L6_L8seed_20260719/spinHS/Up3/Ntot018_n0.500000_b2p2_mum2p478390_center	917000031	1907194031	Up3_L6_N018_b2p2	initial_L8_seed_pm0p02	scripts_interacting_qmc_ed_ce_gce_eqtime_L8_Up3_three_density_beta20_20260713_manifests_gce_prod_L8_Up3_spinHS_20260713_all.tsv	muL6Up3N18b2p2center
32	Up3	3.0	18	0.500000000000	2.2	0.454545454545	-2.478389555256	32	0.500000000000	-2.458389555256	m2p458390	0.02	plus_0p02	6	6	0.1	2000	10000	20	3	ccsd	/home/9pm/nUHubbard/runs/gce_mu_L6_L8seed_20260719/spinHS/Up3/Ntot018_n0.500000_b2p2_mum2p458390_plus_0p02	917000032	1907194032	Up3_L6_N018_b2p2	initial_L8_seed_pm0p02	scripts_interacting_qmc_ed_ce_gce_eqtime_L8_Up3_three_density_beta20_20260713_manifests_gce_prod_L8_Up3_spinHS_20260713_all.tsv	muL6Up3N18b2p2plus_0p02
33	Up3	3.0	18	0.500000000000	2.5	0.400000000000	-2.455630518403	32	0.500000000000	-2.475630518403	m2p475631	-0.02	minus_0p02	6	6	0.1	2000	10000	20	3	ccsd	/home/9pm/nUHubbard/runs/gce_mu_L6_L8seed_20260719/spinHS/Up3/Ntot018_n0.500000_b2p5_mum2p475631_minus_0p02	917000033	1907194033	Up3_L6_N018_b2p5	initial_L8_seed_pm0p02	scripts_interacting_qmc_ed_ce_gce_eqtime_L8_Up3_three_density_beta20_20260713_manifests_gce_prod_L8_Up3_spinHS_20260713_all.tsv	muL6Up3N18b2p5minus_0p02
34	Up3	3.0	18	0.500000000000	2.5	0.400000000000	-2.455630518403	32	0.500000000000	-2.455630518403	m2p455631	0.00	center	6	6	0.1	2000	10000	20	3	ccsd	/home/9pm/nUHubbard/runs/gce_mu_L6_L8seed_20260719/spinHS/Up3/Ntot018_n0.500000_b2p5_mum2p455631_center	917000034	1907194034	Up3_L6_N018_b2p5	initial_L8_seed_pm0p02	scripts_interacting_qmc_ed_ce_gce_eqtime_L8_Up3_three_density_beta20_20260713_manifests_gce_prod_L8_Up3_spinHS_20260713_all.tsv	muL6Up3N18b2p5center
35	Up3	3.0	18	0.500000000000	2.5	0.400000000000	-2.455630518403	32	0.500000000000	-2.435630518403	m2p435631	0.02	plus_0p02	6	6	0.1	2000	10000	20	3	ccsd	/home/9pm/nUHubbard/runs/gce_mu_L6_L8seed_20260719/spinHS/Up3/Ntot018_n0.500000_b2p5_mum2p435631_plus_0p02	917000035	1907194035	Up3_L6_N018_b2p5	initial_L8_seed_pm0p02	scripts_interacting_qmc_ed_ce_gce_eqtime_L8_Up3_three_density_beta20_20260713_manifests_gce_prod_L8_Up3_spinHS_20260713_all.tsv	muL6Up3N18b2p5plus_0p02
36	Up3	3.0	18	0.500000000000	2.9	0.344827586207	-2.436363859601	32	0.500000000000	-2.456363859601	m2p456364	-0.02	minus_0p02	6	6	0.1	2000	10000	20	3	ccsd	/home/9pm/nUHubbard/runs/gce_mu_L6_L8seed_20260719/spinHS/Up3/Ntot018_n0.500000_b2p9_mum2p456364_minus_0p02	917000036	1907194036	Up3_L6_N018_b2p9	initial_L8_seed_pm0p02	scripts_interacting_qmc_ed_ce_gce_eqtime_L8_Up3_three_density_beta20_20260713_manifests_gce_prod_L8_Up3_spinHS_20260713_all.tsv	muL6Up3N18b2p9minus_0p02
37	Up3	3.0	18	0.500000000000	2.9	0.344827586207	-2.436363859601	32	0.500000000000	-2.436363859601	m2p436364	0.00	center	6	6	0.1	2000	10000	20	3	ccsd	/home/9pm/nUHubbard/runs/gce_mu_L6_L8seed_20260719/spinHS/Up3/Ntot018_n0.500000_b2p9_mum2p436364_center	917000037	1907194037	Up3_L6_N018_b2p9	initial_L8_seed_pm0p02	scripts_interacting_qmc_ed_ce_gce_eqtime_L8_Up3_three_density_beta20_20260713_manifests_gce_prod_L8_Up3_spinHS_20260713_all.tsv	muL6Up3N18b2p9center
38	Up3	3.0	18	0.500000000000	2.9	0.344827586207	-2.436363859601	32	0.500000000000	-2.416363859601	m2p416364	0.02	plus_0p02	6	6	0.1	2000	10000	20	3	ccsd	/home/9pm/nUHubbard/runs/gce_mu_L6_L8seed_20260719/spinHS/Up3/Ntot018_n0.500000_b2p9_mum2p416364_plus_0p02	917000038	1907194038	Up3_L6_N018_b2p9	initial_L8_seed_pm0p02	scripts_interacting_qmc_ed_ce_gce_eqtime_L8_Up3_three_density_beta20_20260713_manifests_gce_prod_L8_Up3_spinHS_20260713_all.tsv	muL6Up3N18b2p9plus_0p02
39	Up3	3.0	18	0.500000000000	3.3	0.303030303030	-2.425042531514	32	0.500000000000	-2.445042531514	m2p445043	-0.02	minus_0p02	6	6	0.1	2000	10000	20	3	ccsd	/home/9pm/nUHubbard/runs/gce_mu_L6_L8seed_20260719/spinHS/Up3/Ntot018_n0.500000_b3p3_mum2p445043_minus_0p02	917000039	1907194039	Up3_L6_N018_b3p3	initial_L8_seed_pm0p02	scripts_interacting_qmc_ed_ce_gce_eqtime_L8_Up3_three_density_beta20_20260713_manifests_gce_prod_L8_Up3_spinHS_20260713_all.tsv	muL6Up3N18b3p3minus_0p02
40	Up3	3.0	18	0.500000000000	3.3	0.303030303030	-2.425042531514	32	0.500000000000	-2.425042531514	m2p425043	0.00	center	6	6	0.1	2000	10000	20	3	ccsd	/home/9pm/nUHubbard/runs/gce_mu_L6_L8seed_20260719/spinHS/Up3/Ntot018_n0.500000_b3p3_mum2p425043_center	917000040	1907194040	Up3_L6_N018_b3p3	initial_L8_seed_pm0p02	scripts_interacting_qmc_ed_ce_gce_eqtime_L8_Up3_three_density_beta20_20260713_manifests_gce_prod_L8_Up3_spinHS_20260713_all.tsv	muL6Up3N18b3p3center
41	Up3	3.0	18	0.500000000000	3.3	0.303030303030	-2.425042531514	32	0.500000000000	-2.405042531514	m2p405043	0.02	plus_0p02	6	6	0.1	2000	10000	20	3	ccsd	/home/9pm/nUHubbard/runs/gce_mu_L6_L8seed_20260719/spinHS/Up3/Ntot018_n0.500000_b3p3_mum2p405043_plus_0p02	917000041	1907194041	Up3_L6_N018_b3p3	initial_L8_seed_pm0p02	scripts_interacting_qmc_ed_ce_gce_eqtime_L8_Up3_three_density_beta20_20260713_manifests_gce_prod_L8_Up3_spinHS_20260713_all.tsv	muL6Up3N18b3p3plus_0p02
42	Up3	3.0	18	0.500000000000	4.0	0.250000000000	-2.414824244888	32	0.500000000000	-2.434824244888	m2p434824	-0.02	minus_0p02	6	6	0.1	2000	10000	20	3	ccsd	/home/9pm/nUHubbard/runs/gce_mu_L6_L8seed_20260719/spinHS/Up3/Ntot018_n0.500000_b4p0_mum2p434824_minus_0p02	917000042	1907194042	Up3_L6_N018_b4p0	initial_L8_seed_pm0p02	scripts_interacting_qmc_ed_ce_gce_eqtime_L8_Up3_three_density_beta20_20260713_manifests_gce_prod_L8_Up3_spinHS_20260713_all.tsv	muL6Up3N18b4p0minus_0p02
43	Up3	3.0	18	0.500000000000	4.0	0.250000000000	-2.414824244888	32	0.500000000000	-2.414824244888	m2p414824	0.00	center	6	6	0.1	2000	10000	20	3	ccsd	/home/9pm/nUHubbard/runs/gce_mu_L6_L8seed_20260719/spinHS/Up3/Ntot018_n0.500000_b4p0_mum2p414824_center	917000043	1907194043	Up3_L6_N018_b4p0	initial_L8_seed_pm0p02	scripts_interacting_qmc_ed_ce_gce_eqtime_L8_Up3_three_density_beta20_20260713_manifests_gce_prod_L8_Up3_spinHS_20260713_all.tsv	muL6Up3N18b4p0center
44	Up3	3.0	18	0.500000000000	4.0	0.250000000000	-2.414824244888	32	0.500000000000	-2.394824244888	m2p394824	0.02	plus_0p02	6	6	0.1	2000	10000	20	3	ccsd	/home/9pm/nUHubbard/runs/gce_mu_L6_L8seed_20260719/spinHS/Up3/Ntot018_n0.500000_b4p0_mum2p394824_plus_0p02	917000044	1907194044	Up3_L6_N018_b4p0	initial_L8_seed_pm0p02	scripts_interacting_qmc_ed_ce_gce_eqtime_L8_Up3_three_density_beta20_20260713_manifests_gce_prod_L8_Up3_spinHS_20260713_all.tsv	muL6Up3N18b4p0plus_0p02
45	Up3	3.0	18	0.500000000000	5.0	0.200000000000	-2.408837494665	32	0.500000000000	-2.428837494665	m2p428837	-0.02	minus_0p02	6	6	0.1	2000	10000	20	3	ccsd	/home/9pm/nUHubbard/runs/gce_mu_L6_L8seed_20260719/spinHS/Up3/Ntot018_n0.500000_b5p0_mum2p428837_minus_0p02	917000045	1907194045	Up3_L6_N018_b5p0	initial_L8_seed_pm0p02	scripts_interacting_qmc_ed_ce_gce_eqtime_L8_Up3_three_density_beta20_20260713_manifests_gce_prod_L8_Up3_spinHS_20260713_all.tsv	muL6Up3N18b5p0minus_0p02
46	Up3	3.0	18	0.500000000000	5.0	0.200000000000	-2.408837494665	32	0.500000000000	-2.408837494665	m2p408837	0.00	center	6	6	0.1	2000	10000	20	3	ccsd	/home/9pm/nUHubbard/runs/gce_mu_L6_L8seed_20260719/spinHS/Up3/Ntot018_n0.500000_b5p0_mum2p408837_center	917000046	1907194046	Up3_L6_N018_b5p0	initial_L8_seed_pm0p02	scripts_interacting_qmc_ed_ce_gce_eqtime_L8_Up3_three_density_beta20_20260713_manifests_gce_prod_L8_Up3_spinHS_20260713_all.tsv	muL6Up3N18b5p0center
47	Up3	3.0	18	0.500000000000	5.0	0.200000000000	-2.408837494665	32	0.500000000000	-2.388837494665	m2p388837	0.02	plus_0p02	6	6	0.1	2000	10000	20	3	ccsd	/home/9pm/nUHubbard/runs/gce_mu_L6_L8seed_20260719/spinHS/Up3/Ntot018_n0.500000_b5p0_mum2p388837_plus_0p02	917000047	1907194047	Up3_L6_N018_b5p0	initial_L8_seed_pm0p02	scripts_interacting_qmc_ed_ce_gce_eqtime_L8_Up3_three_density_beta20_20260713_manifests_gce_prod_L8_Up3_spinHS_20260713_all.tsv	muL6Up3N18b5p0plus_0p02
48	Up3	3.0	18	0.500000000000	6.7	0.149253731343	-2.401792472771	32	0.500000000000	-2.421792472771	m2p421792	-0.02	minus_0p02	6	6	0.1	2000	10000	20	3	ccsd	/home/9pm/nUHubbard/runs/gce_mu_L6_L8seed_20260719/spinHS/Up3/Ntot018_n0.500000_b6p7_mum2p421792_minus_0p02	917000048	1907194048	Up3_L6_N018_b6p7	initial_L8_seed_pm0p02	scripts_interacting_qmc_ed_ce_gce_eqtime_L8_Up3_three_density_beta20_20260713_manifests_gce_prod_L8_Up3_spinHS_20260713_all.tsv	muL6Up3N18b6p7minus_0p02
49	Up3	3.0	18	0.500000000000	6.7	0.149253731343	-2.401792472771	32	0.500000000000	-2.401792472771	m2p401792	0.00	center	6	6	0.1	2000	10000	20	3	ccsd	/home/9pm/nUHubbard/runs/gce_mu_L6_L8seed_20260719/spinHS/Up3/Ntot018_n0.500000_b6p7_mum2p401792_center	917000049	1907194049	Up3_L6_N018_b6p7	initial_L8_seed_pm0p02	scripts_interacting_qmc_ed_ce_gce_eqtime_L8_Up3_three_density_beta20_20260713_manifests_gce_prod_L8_Up3_spinHS_20260713_all.tsv	muL6Up3N18b6p7center
50	Up3	3.0	18	0.500000000000	6.7	0.149253731343	-2.401792472771	32	0.500000000000	-2.381792472771	m2p381792	0.02	plus_0p02	6	6	0.1	2000	10000	20	3	ccsd	/home/9pm/nUHubbard/runs/gce_mu_L6_L8seed_20260719/spinHS/Up3/Ntot018_n0.500000_b6p7_mum2p381792_plus_0p02	917000050	1907194050	Up3_L6_N018_b6p7	initial_L8_seed_pm0p02	scripts_interacting_qmc_ed_ce_gce_eqtime_L8_Up3_three_density_beta20_20260713_manifests_gce_prod_L8_Up3_spinHS_20260713_all.tsv	muL6Up3N18b6p7plus_0p02
51	Up3	3.0	18	0.500000000000	10.0	0.100000000000	-2.389284287149	32	0.500000000000	-2.409284287149	m2p409284	-0.02	minus_0p02	6	6	0.1	2000	10000	20	3	ccsd	/home/9pm/nUHubbard/runs/gce_mu_L6_L8seed_20260719/spinHS/Up3/Ntot018_n0.500000_b10p0_mum2p409284_minus_0p02	917000051	1907194051	Up3_L6_N018_b10p0	initial_L8_seed_pm0p02	scripts_interacting_qmc_ed_ce_gce_eqtime_L8_Up3_three_density_beta20_20260713_manifests_gce_prod_L8_Up3_spinHS_20260713_all.tsv	muL6Up3N18b10p0minus_0p02
52	Up3	3.0	18	0.500000000000	10.0	0.100000000000	-2.389284287149	32	0.500000000000	-2.389284287149	m2p389284	0.00	center	6	6	0.1	2000	10000	20	3	ccsd	/home/9pm/nUHubbard/runs/gce_mu_L6_L8seed_20260719/spinHS/Up3/Ntot018_n0.500000_b10p0_mum2p389284_center	917000052	1907194052	Up3_L6_N018_b10p0	initial_L8_seed_pm0p02	scripts_interacting_qmc_ed_ce_gce_eqtime_L8_Up3_three_density_beta20_20260713_manifests_gce_prod_L8_Up3_spinHS_20260713_all.tsv	muL6Up3N18b10p0center
53	Up3	3.0	18	0.500000000000	10.0	0.100000000000	-2.389284287149	32	0.500000000000	-2.369284287149	m2p369284	0.02	plus_0p02	6	6	0.1	2000	10000	20	3	ccsd	/home/9pm/nUHubbard/runs/gce_mu_L6_L8seed_20260719/spinHS/Up3/Ntot018_n0.500000_b10p0_mum2p369284_plus_0p02	917000053	1907194053	Up3_L6_N018_b10p0	initial_L8_seed_pm0p02	scripts_interacting_qmc_ed_ce_gce_eqtime_L8_Up3_three_density_beta20_20260713_manifests_gce_prod_L8_Up3_spinHS_20260713_all.tsv	muL6Up3N18b10p0plus_0p02
54	Up3	3.0	26	0.722222222222	2.0	0.500000000000	-1.418569513261	46	0.718750000000	-1.438569513261	m1p438570	-0.02	minus_0p02	6	6	0.1	2000	10000	20	3	ccsd	/home/9pm/nUHubbard/runs/gce_mu_L6_L8seed_20260719/spinHS/Up3/Ntot026_n0.722222_b2p0_mum1p438570_minus_0p02	917000054	1907194054	Up3_L6_N026_b2p0	initial_L8_seed_pm0p02	scripts_interacting_qmc_ed_gce_prod_L8_found_mu_N46_allU_Up5small_beta_le10_20260713_manifests_gce_prod_L8_found_mu_spinHS_20260713_all.tsv	muL6Up3N26b2p0minus_0p02
55	Up3	3.0	26	0.722222222222	2.0	0.500000000000	-1.418569513261	46	0.718750000000	-1.418569513261	m1p418570	0.00	center	6	6	0.1	2000	10000	20	3	ccsd	/home/9pm/nUHubbard/runs/gce_mu_L6_L8seed_20260719/spinHS/Up3/Ntot026_n0.722222_b2p0_mum1p418570_center	917000055	1907194055	Up3_L6_N026_b2p0	initial_L8_seed_pm0p02	scripts_interacting_qmc_ed_gce_prod_L8_found_mu_N46_allU_Up5small_beta_le10_20260713_manifests_gce_prod_L8_found_mu_spinHS_20260713_all.tsv	muL6Up3N26b2p0center
56	Up3	3.0	26	0.722222222222	2.0	0.500000000000	-1.418569513261	46	0.718750000000	-1.398569513261	m1p398570	0.02	plus_0p02	6	6	0.1	2000	10000	20	3	ccsd	/home/9pm/nUHubbard/runs/gce_mu_L6_L8seed_20260719/spinHS/Up3/Ntot026_n0.722222_b2p0_mum1p398570_plus_0p02	917000056	1907194056	Up3_L6_N026_b2p0	initial_L8_seed_pm0p02	scripts_interacting_qmc_ed_gce_prod_L8_found_mu_N46_allU_Up5small_beta_le10_20260713_manifests_gce_prod_L8_found_mu_spinHS_20260713_all.tsv	muL6Up3N26b2p0plus_0p02
57	Up3	3.0	26	0.722222222222	2.2	0.454545454545	-1.401535626813	46	0.718750000000	-1.421535626813	m1p421536	-0.02	minus_0p02	6	6	0.1	2000	10000	20	3	ccsd	/home/9pm/nUHubbard/runs/gce_mu_L6_L8seed_20260719/spinHS/Up3/Ntot026_n0.722222_b2p2_mum1p421536_minus_0p02	917000057	1907194057	Up3_L6_N026_b2p2	initial_L8_seed_pm0p02	scripts_interacting_qmc_ed_gce_prod_L8_found_mu_N46_allU_Up5small_beta_le10_20260713_manifests_gce_prod_L8_found_mu_spinHS_20260713_all.tsv	muL6Up3N26b2p2minus_0p02
58	Up3	3.0	26	0.722222222222	2.2	0.454545454545	-1.401535626813	46	0.718750000000	-1.401535626813	m1p401536	0.00	center	6	6	0.1	2000	10000	20	3	ccsd	/home/9pm/nUHubbard/runs/gce_mu_L6_L8seed_20260719/spinHS/Up3/Ntot026_n0.722222_b2p2_mum1p401536_center	917000058	1907194058	Up3_L6_N026_b2p2	initial_L8_seed_pm0p02	scripts_interacting_qmc_ed_gce_prod_L8_found_mu_N46_allU_Up5small_beta_le10_20260713_manifests_gce_prod_L8_found_mu_spinHS_20260713_all.tsv	muL6Up3N26b2p2center
59	Up3	3.0	26	0.722222222222	2.2	0.454545454545	-1.401535626813	46	0.718750000000	-1.381535626813	m1p381536	0.02	plus_0p02	6	6	0.1	2000	10000	20	3	ccsd	/home/9pm/nUHubbard/runs/gce_mu_L6_L8seed_20260719/spinHS/Up3/Ntot026_n0.722222_b2p2_mum1p381536_plus_0p02	917000059	1907194059	Up3_L6_N026_b2p2	initial_L8_seed_pm0p02	scripts_interacting_qmc_ed_gce_prod_L8_found_mu_N46_allU_Up5small_beta_le10_20260713_manifests_gce_prod_L8_found_mu_spinHS_20260713_all.tsv	muL6Up3N26b2p2plus_0p02
60	Up3	3.0	26	0.722222222222	2.5	0.400000000000	-1.379133382302	46	0.718750000000	-1.399133382302	m1p399133	-0.02	minus_0p02	6	6	0.1	2000	10000	20	3	ccsd	/home/9pm/nUHubbard/runs/gce_mu_L6_L8seed_20260719/spinHS/Up3/Ntot026_n0.722222_b2p5_mum1p399133_minus_0p02	917000060	1907194060	Up3_L6_N026_b2p5	initial_L8_seed_pm0p02	scripts_interacting_qmc_ed_gce_prod_L8_found_mu_N46_allU_Up5small_beta_le10_20260713_manifests_gce_prod_L8_found_mu_spinHS_20260713_all.tsv	muL6Up3N26b2p5minus_0p02
61	Up3	3.0	26	0.722222222222	2.5	0.400000000000	-1.379133382302	46	0.718750000000	-1.379133382302	m1p379133	0.00	center	6	6	0.1	2000	10000	20	3	ccsd	/home/9pm/nUHubbard/runs/gce_mu_L6_L8seed_20260719/spinHS/Up3/Ntot026_n0.722222_b2p5_mum1p379133_center	917000061	1907194061	Up3_L6_N026_b2p5	initial_L8_seed_pm0p02	scripts_interacting_qmc_ed_gce_prod_L8_found_mu_N46_allU_Up5small_beta_le10_20260713_manifests_gce_prod_L8_found_mu_spinHS_20260713_all.tsv	muL6Up3N26b2p5center
62	Up3	3.0	26	0.722222222222	2.5	0.400000000000	-1.379133382302	46	0.718750000000	-1.359133382302	m1p359133	0.02	plus_0p02	6	6	0.1	2000	10000	20	3	ccsd	/home/9pm/nUHubbard/runs/gce_mu_L6_L8seed_20260719/spinHS/Up3/Ntot026_n0.722222_b2p5_mum1p359133_plus_0p02	917000062	1907194062	Up3_L6_N026_b2p5	initial_L8_seed_pm0p02	scripts_interacting_qmc_ed_gce_prod_L8_found_mu_N46_allU_Up5small_beta_le10_20260713_manifests_gce_prod_L8_found_mu_spinHS_20260713_all.tsv	muL6Up3N26b2p5plus_0p02
63	Up3	3.0	26	0.722222222222	2.9	0.344827586207	-1.354730716559	46	0.718750000000	-1.374730716559	m1p374731	-0.02	minus_0p02	6	6	0.1	2000	10000	20	3	ccsd	/home/9pm/nUHubbard/runs/gce_mu_L6_L8seed_20260719/spinHS/Up3/Ntot026_n0.722222_b2p9_mum1p374731_minus_0p02	917000063	1907194063	Up3_L6_N026_b2p9	initial_L8_seed_pm0p02	scripts_interacting_qmc_ed_gce_prod_L8_found_mu_N46_allU_Up5small_beta_le10_20260713_manifests_gce_prod_L8_found_mu_spinHS_20260713_all.tsv	muL6Up3N26b2p9minus_0p02
64	Up3	3.0	26	0.722222222222	2.9	0.344827586207	-1.354730716559	46	0.718750000000	-1.354730716559	m1p354731	0.00	center	6	6	0.1	2000	10000	20	3	ccsd	/home/9pm/nUHubbard/runs/gce_mu_L6_L8seed_20260719/spinHS/Up3/Ntot026_n0.722222_b2p9_mum1p354731_center	917000064	1907194064	Up3_L6_N026_b2p9	initial_L8_seed_pm0p02	scripts_interacting_qmc_ed_gce_prod_L8_found_mu_N46_allU_Up5small_beta_le10_20260713_manifests_gce_prod_L8_found_mu_spinHS_20260713_all.tsv	muL6Up3N26b2p9center
65	Up3	3.0	26	0.722222222222	2.9	0.344827586207	-1.354730716559	46	0.718750000000	-1.334730716559	m1p334731	0.02	plus_0p02	6	6	0.1	2000	10000	20	3	ccsd	/home/9pm/nUHubbard/runs/gce_mu_L6_L8seed_20260719/spinHS/Up3/Ntot026_n0.722222_b2p9_mum1p334731_plus_0p02	917000065	1907194065	Up3_L6_N026_b2p9	initial_L8_seed_pm0p02	scripts_interacting_qmc_ed_gce_prod_L8_found_mu_N46_allU_Up5small_beta_le10_20260713_manifests_gce_prod_L8_found_mu_spinHS_20260713_all.tsv	muL6Up3N26b2p9plus_0p02
66	Up3	3.0	26	0.722222222222	3.3	0.303030303030	-1.333959617025	46	0.718750000000	-1.353959617025	m1p353960	-0.02	minus_0p02	6	6	0.1	2000	10000	20	3	ccsd	/home/9pm/nUHubbard/runs/gce_mu_L6_L8seed_20260719/spinHS/Up3/Ntot026_n0.722222_b3p3_mum1p353960_minus_0p02	917000066	1907194066	Up3_L6_N026_b3p3	initial_L8_seed_pm0p02	scripts_interacting_qmc_ed_gce_prod_L8_found_mu_N46_allU_Up5small_beta_le10_20260713_manifests_gce_prod_L8_found_mu_spinHS_20260713_all.tsv	muL6Up3N26b3p3minus_0p02
67	Up3	3.0	26	0.722222222222	3.3	0.303030303030	-1.333959617025	46	0.718750000000	-1.333959617025	m1p333960	0.00	center	6	6	0.1	2000	10000	20	3	ccsd	/home/9pm/nUHubbard/runs/gce_mu_L6_L8seed_20260719/spinHS/Up3/Ntot026_n0.722222_b3p3_mum1p333960_center	917000067	1907194067	Up3_L6_N026_b3p3	initial_L8_seed_pm0p02	scripts_interacting_qmc_ed_gce_prod_L8_found_mu_N46_allU_Up5small_beta_le10_20260713_manifests_gce_prod_L8_found_mu_spinHS_20260713_all.tsv	muL6Up3N26b3p3center
68	Up3	3.0	26	0.722222222222	3.3	0.303030303030	-1.333959617025	46	0.718750000000	-1.313959617025	m1p313960	0.02	plus_0p02	6	6	0.1	2000	10000	20	3	ccsd	/home/9pm/nUHubbard/runs/gce_mu_L6_L8seed_20260719/spinHS/Up3/Ntot026_n0.722222_b3p3_mum1p313960_plus_0p02	917000068	1907194068	Up3_L6_N026_b3p3	initial_L8_seed_pm0p02	scripts_interacting_qmc_ed_gce_prod_L8_found_mu_N46_allU_Up5small_beta_le10_20260713_manifests_gce_prod_L8_found_mu_spinHS_20260713_all.tsv	muL6Up3N26b3p3plus_0p02
69	Up3	3.0	26	0.722222222222	4.0	0.250000000000	-1.302955357143	46	0.718750000000	-1.322955357143	m1p322955	-0.02	minus_0p02	6	6	0.1	2000	10000	20	3	ccsd	/home/9pm/nUHubbard/runs/gce_mu_L6_L8seed_20260719/spinHS/Up3/Ntot026_n0.722222_b4p0_mum1p322955_minus_0p02	917000069	1907194069	Up3_L6_N026_b4p0	initial_L8_seed_pm0p02	scripts_interacting_qmc_ed_gce_prod_L8_found_mu_N46_allU_Up5small_beta_le10_20260713_manifests_gce_prod_L8_found_mu_spinHS_20260713_all.tsv	muL6Up3N26b4p0minus_0p02
70	Up3	3.0	26	0.722222222222	4.0	0.250000000000	-1.302955357143	46	0.718750000000	-1.302955357143	m1p302955	0.00	center	6	6	0.1	2000	10000	20	3	ccsd	/home/9pm/nUHubbard/runs/gce_mu_L6_L8seed_20260719/spinHS/Up3/Ntot026_n0.722222_b4p0_mum1p302955_center	917000070	1907194070	Up3_L6_N026_b4p0	initial_L8_seed_pm0p02	scripts_interacting_qmc_ed_gce_prod_L8_found_mu_N46_allU_Up5small_beta_le10_20260713_manifests_gce_prod_L8_found_mu_spinHS_20260713_all.tsv	muL6Up3N26b4p0center
71	Up3	3.0	26	0.722222222222	4.0	0.250000000000	-1.302955357143	46	0.718750000000	-1.282955357143	m1p282955	0.02	plus_0p02	6	6	0.1	2000	10000	20	3	ccsd	/home/9pm/nUHubbard/runs/gce_mu_L6_L8seed_20260719/spinHS/Up3/Ntot026_n0.722222_b4p0_mum1p282955_plus_0p02	917000071	1907194071	Up3_L6_N026_b4p0	initial_L8_seed_pm0p02	scripts_interacting_qmc_ed_gce_prod_L8_found_mu_N46_allU_Up5small_beta_le10_20260713_manifests_gce_prod_L8_found_mu_spinHS_20260713_all.tsv	muL6Up3N26b4p0plus_0p02
72	Up3	3.0	26	0.722222222222	5.0	0.200000000000	-1.267744013598	46	0.718750000000	-1.287744013598	m1p287744	-0.02	minus_0p02	6	6	0.1	2000	10000	20	3	ccsd	/home/9pm/nUHubbard/runs/gce_mu_L6_L8seed_20260719/spinHS/Up3/Ntot026_n0.722222_b5p0_mum1p287744_minus_0p02	917000072	1907194072	Up3_L6_N026_b5p0	initial_L8_seed_pm0p02	scripts_interacting_qmc_ed_gce_prod_L8_found_mu_N46_allU_Up5small_beta_le10_20260713_manifests_gce_prod_L8_found_mu_spinHS_20260713_all.tsv	muL6Up3N26b5p0minus_0p02
73	Up3	3.0	26	0.722222222222	5.0	0.200000000000	-1.267744013598	46	0.718750000000	-1.267744013598	m1p267744	0.00	center	6	6	0.1	2000	10000	20	3	ccsd	/home/9pm/nUHubbard/runs/gce_mu_L6_L8seed_20260719/spinHS/Up3/Ntot026_n0.722222_b5p0_mum1p267744_center	917000073	1907194073	Up3_L6_N026_b5p0	initial_L8_seed_pm0p02	scripts_interacting_qmc_ed_gce_prod_L8_found_mu_N46_allU_Up5small_beta_le10_20260713_manifests_gce_prod_L8_found_mu_spinHS_20260713_all.tsv	muL6Up3N26b5p0center
74	Up3	3.0	26	0.722222222222	5.0	0.200000000000	-1.267744013598	46	0.718750000000	-1.247744013598	m1p247744	0.02	plus_0p02	6	6	0.1	2000	10000	20	3	ccsd	/home/9pm/nUHubbard/runs/gce_mu_L6_L8seed_20260719/spinHS/Up3/Ntot026_n0.722222_b5p0_mum1p247744_plus_0p02	917000074	1907194074	Up3_L6_N026_b5p0	initial_L8_seed_pm0p02	scripts_interacting_qmc_ed_gce_prod_L8_found_mu_N46_allU_Up5small_beta_le10_20260713_manifests_gce_prod_L8_found_mu_spinHS_20260713_all.tsv	muL6Up3N26b5p0plus_0p02
75	Up3	3.0	26	0.722222222222	6.7	0.149253731343	-1.225806691450	46	0.718750000000	-1.245806691450	m1p245807	-0.02	minus_0p02	6	6	0.1	2000	10000	20	3	ccsd	/home/9pm/nUHubbard/runs/gce_mu_L6_L8seed_20260719/spinHS/Up3/Ntot026_n0.722222_b6p7_mum1p245807_minus_0p02	917000075	1907194075	Up3_L6_N026_b6p7	initial_L8_seed_pm0p02	scripts_interacting_qmc_ed_gce_prod_L8_found_mu_N46_allU_Up5small_beta_le10_20260713_manifests_gce_prod_L8_found_mu_spinHS_20260713_all.tsv	muL6Up3N26b6p7minus_0p02
76	Up3	3.0	26	0.722222222222	6.7	0.149253731343	-1.225806691450	46	0.718750000000	-1.225806691450	m1p225807	0.00	center	6	6	0.1	2000	10000	20	3	ccsd	/home/9pm/nUHubbard/runs/gce_mu_L6_L8seed_20260719/spinHS/Up3/Ntot026_n0.722222_b6p7_mum1p225807_center	917000076	1907194076	Up3_L6_N026_b6p7	initial_L8_seed_pm0p02	scripts_interacting_qmc_ed_gce_prod_L8_found_mu_N46_allU_Up5small_beta_le10_20260713_manifests_gce_prod_L8_found_mu_spinHS_20260713_all.tsv	muL6Up3N26b6p7center
77	Up3	3.0	26	0.722222222222	6.7	0.149253731343	-1.225806691450	46	0.718750000000	-1.205806691450	m1p205807	0.02	plus_0p02	6	6	0.1	2000	10000	20	3	ccsd	/home/9pm/nUHubbard/runs/gce_mu_L6_L8seed_20260719/spinHS/Up3/Ntot026_n0.722222_b6p7_mum1p205807_plus_0p02	917000077	1907194077	Up3_L6_N026_b6p7	initial_L8_seed_pm0p02	scripts_interacting_qmc_ed_gce_prod_L8_found_mu_N46_allU_Up5small_beta_le10_20260713_manifests_gce_prod_L8_found_mu_spinHS_20260713_all.tsv	muL6Up3N26b6p7plus_0p02
78	Up3	3.0	26	0.722222222222	10.0	0.100000000000	-1.194914574696	46	0.718750000000	-1.214914574696	m1p214915	-0.02	minus_0p02	6	6	0.1	2000	10000	20	3	ccsd	/home/9pm/nUHubbard/runs/gce_mu_L6_L8seed_20260719/spinHS/Up3/Ntot026_n0.722222_b10p0_mum1p214915_minus_0p02	917000078	1907194078	Up3_L6_N026_b10p0	initial_L8_seed_pm0p02	scripts_interacting_qmc_ed_gce_prod_L8_found_mu_N46_allU_Up5small_beta_le10_20260713_manifests_gce_prod_L8_found_mu_spinHS_20260713_all.tsv	muL6Up3N26b10p0minus_0p02
79	Up3	3.0	26	0.722222222222	10.0	0.100000000000	-1.194914574696	46	0.718750000000	-1.194914574696	m1p194915	0.00	center	6	6	0.1	2000	10000	20	3	ccsd	/home/9pm/nUHubbard/runs/gce_mu_L6_L8seed_20260719/spinHS/Up3/Ntot026_n0.722222_b10p0_mum1p194915_center	917000079	1907194079	Up3_L6_N026_b10p0	initial_L8_seed_pm0p02	scripts_interacting_qmc_ed_gce_prod_L8_found_mu_N46_allU_Up5small_beta_le10_20260713_manifests_gce_prod_L8_found_mu_spinHS_20260713_all.tsv	muL6Up3N26b10p0center
80	Up3	3.0	26	0.722222222222	10.0	0.100000000000	-1.194914574696	46	0.718750000000	-1.174914574696	m1p174915	0.02	plus_0p02	6	6	0.1	2000	10000	20	3	ccsd	/home/9pm/nUHubbard/runs/gce_mu_L6_L8seed_20260719/spinHS/Up3/Ntot026_n0.722222_b10p0_mum1p174915_plus_0p02	917000080	1907194080	Up3_L6_N026_b10p0	initial_L8_seed_pm0p02	scripts_interacting_qmc_ed_gce_prod_L8_found_mu_N46_allU_Up5small_beta_le10_20260713_manifests_gce_prod_L8_found_mu_spinHS_20260713_all.tsv	muL6Up3N26b10p0plus_0p02
81	Up3	3.0	32	0.888888888889	2.0	0.500000000000	-0.653907845912	56	0.875000000000	-0.673907845912	m0p673908	-0.02	minus_0p02	6	6	0.1	2000	10000	20	3	ccsd	/home/9pm/nUHubbard/runs/gce_mu_L6_L8seed_20260719/spinHS/Up3/Ntot032_n0.888889_b2p0_mum0p673908_minus_0p02	917000081	1907194081	Up3_L6_N032_b2p0	initial_L8_seed_pm0p02	scripts_interacting_qmc_ed_ce_gce_eqtime_L8_Up3_three_density_beta20_20260713_manifests_gce_prod_L8_Up3_spinHS_20260713_all.tsv	muL6Up3N32b2p0minus_0p02
82	Up3	3.0	32	0.888888888889	2.0	0.500000000000	-0.653907845912	56	0.875000000000	-0.653907845912	m0p653908	0.00	center	6	6	0.1	2000	10000	20	3	ccsd	/home/9pm/nUHubbard/runs/gce_mu_L6_L8seed_20260719/spinHS/Up3/Ntot032_n0.888889_b2p0_mum0p653908_center	917000082	1907194082	Up3_L6_N032_b2p0	initial_L8_seed_pm0p02	scripts_interacting_qmc_ed_ce_gce_eqtime_L8_Up3_three_density_beta20_20260713_manifests_gce_prod_L8_Up3_spinHS_20260713_all.tsv	muL6Up3N32b2p0center
83	Up3	3.0	32	0.888888888889	2.0	0.500000000000	-0.653907845912	56	0.875000000000	-0.633907845912	m0p633908	0.02	plus_0p02	6	6	0.1	2000	10000	20	3	ccsd	/home/9pm/nUHubbard/runs/gce_mu_L6_L8seed_20260719/spinHS/Up3/Ntot032_n0.888889_b2p0_mum0p633908_plus_0p02	917000083	1907194083	Up3_L6_N032_b2p0	initial_L8_seed_pm0p02	scripts_interacting_qmc_ed_ce_gce_eqtime_L8_Up3_three_density_beta20_20260713_manifests_gce_prod_L8_Up3_spinHS_20260713_all.tsv	muL6Up3N32b2p0plus_0p02
84	Up3	3.0	32	0.888888888889	2.2	0.454545454545	-0.647056549572	56	0.875000000000	-0.667056549572	m0p667057	-0.02	minus_0p02	6	6	0.1	2000	10000	20	3	ccsd	/home/9pm/nUHubbard/runs/gce_mu_L6_L8seed_20260719/spinHS/Up3/Ntot032_n0.888889_b2p2_mum0p667057_minus_0p02	917000084	1907194084	Up3_L6_N032_b2p2	initial_L8_seed_pm0p02	scripts_interacting_qmc_ed_ce_gce_eqtime_L8_Up3_three_density_beta20_20260713_manifests_gce_prod_L8_Up3_spinHS_20260713_all.tsv	muL6Up3N32b2p2minus_0p02
85	Up3	3.0	32	0.888888888889	2.2	0.454545454545	-0.647056549572	56	0.875000000000	-0.647056549572	m0p647057	0.00	center	6	6	0.1	2000	10000	20	3	ccsd	/home/9pm/nUHubbard/runs/gce_mu_L6_L8seed_20260719/spinHS/Up3/Ntot032_n0.888889_b2p2_mum0p647057_center	917000085	1907194085	Up3_L6_N032_b2p2	initial_L8_seed_pm0p02	scripts_interacting_qmc_ed_ce_gce_eqtime_L8_Up3_three_density_beta20_20260713_manifests_gce_prod_L8_Up3_spinHS_20260713_all.tsv	muL6Up3N32b2p2center
86	Up3	3.0	32	0.888888888889	2.2	0.454545454545	-0.647056549572	56	0.875000000000	-0.627056549572	m0p627057	0.02	plus_0p02	6	6	0.1	2000	10000	20	3	ccsd	/home/9pm/nUHubbard/runs/gce_mu_L6_L8seed_20260719/spinHS/Up3/Ntot032_n0.888889_b2p2_mum0p627057_plus_0p02	917000086	1907194086	Up3_L6_N032_b2p2	initial_L8_seed_pm0p02	scripts_interacting_qmc_ed_ce_gce_eqtime_L8_Up3_three_density_beta20_20260713_manifests_gce_prod_L8_Up3_spinHS_20260713_all.tsv	muL6Up3N32b2p2plus_0p02
87	Up3	3.0	32	0.888888888889	2.5	0.400000000000	-0.637708744539	56	0.875000000000	-0.657708744539	m0p657709	-0.02	minus_0p02	6	6	0.1	2000	10000	20	3	ccsd	/home/9pm/nUHubbard/runs/gce_mu_L6_L8seed_20260719/spinHS/Up3/Ntot032_n0.888889_b2p5_mum0p657709_minus_0p02	917000087	1907194087	Up3_L6_N032_b2p5	initial_L8_seed_pm0p02	scripts_interacting_qmc_ed_ce_gce_eqtime_L8_Up3_three_density_beta20_20260713_manifests_gce_prod_L8_Up3_spinHS_20260713_all.tsv	muL6Up3N32b2p5minus_0p02
88	Up3	3.0	32	0.888888888889	2.5	0.400000000000	-0.637708744539	56	0.875000000000	-0.637708744539	m0p637709	0.00	center	6	6	0.1	2000	10000	20	3	ccsd	/home/9pm/nUHubbard/runs/gce_mu_L6_L8seed_20260719/spinHS/Up3/Ntot032_n0.888889_b2p5_mum0p637709_center	917000088	1907194088	Up3_L6_N032_b2p5	initial_L8_seed_pm0p02	scripts_interacting_qmc_ed_ce_gce_eqtime_L8_Up3_three_density_beta20_20260713_manifests_gce_prod_L8_Up3_spinHS_20260713_all.tsv	muL6Up3N32b2p5center
89	Up3	3.0	32	0.888888888889	2.5	0.400000000000	-0.637708744539	56	0.875000000000	-0.617708744539	m0p617709	0.02	plus_0p02	6	6	0.1	2000	10000	20	3	ccsd	/home/9pm/nUHubbard/runs/gce_mu_L6_L8seed_20260719/spinHS/Up3/Ntot032_n0.888889_b2p5_mum0p617709_plus_0p02	917000089	1907194089	Up3_L6_N032_b2p5	initial_L8_seed_pm0p02	scripts_interacting_qmc_ed_ce_gce_eqtime_L8_Up3_three_density_beta20_20260713_manifests_gce_prod_L8_Up3_spinHS_20260713_all.tsv	muL6Up3N32b2p5plus_0p02
90	Up3	3.0	32	0.888888888889	2.9	0.344827586207	-0.626480560627	56	0.875000000000	-0.646480560627	m0p646481	-0.02	minus_0p02	6	6	0.1	2000	10000	20	3	ccsd	/home/9pm/nUHubbard/runs/gce_mu_L6_L8seed_20260719/spinHS/Up3/Ntot032_n0.888889_b2p9_mum0p646481_minus_0p02	917000090	1907194090	Up3_L6_N032_b2p9	initial_L8_seed_pm0p02	scripts_interacting_qmc_ed_ce_gce_eqtime_L8_Up3_three_density_beta20_20260713_manifests_gce_prod_L8_Up3_spinHS_20260713_all.tsv	muL6Up3N32b2p9minus_0p02
91	Up3	3.0	32	0.888888888889	2.9	0.344827586207	-0.626480560627	56	0.875000000000	-0.626480560627	m0p626481	0.00	center	6	6	0.1	2000	10000	20	3	ccsd	/home/9pm/nUHubbard/runs/gce_mu_L6_L8seed_20260719/spinHS/Up3/Ntot032_n0.888889_b2p9_mum0p626481_center	917000091	1907194091	Up3_L6_N032_b2p9	initial_L8_seed_pm0p02	scripts_interacting_qmc_ed_ce_gce_eqtime_L8_Up3_three_density_beta20_20260713_manifests_gce_prod_L8_Up3_spinHS_20260713_all.tsv	muL6Up3N32b2p9center
92	Up3	3.0	32	0.888888888889	2.9	0.344827586207	-0.626480560627	56	0.875000000000	-0.606480560627	m0p606481	0.02	plus_0p02	6	6	0.1	2000	10000	20	3	ccsd	/home/9pm/nUHubbard/runs/gce_mu_L6_L8seed_20260719/spinHS/Up3/Ntot032_n0.888889_b2p9_mum0p606481_plus_0p02	917000092	1907194092	Up3_L6_N032_b2p9	initial_L8_seed_pm0p02	scripts_interacting_qmc_ed_ce_gce_eqtime_L8_Up3_three_density_beta20_20260713_manifests_gce_prod_L8_Up3_spinHS_20260713_all.tsv	muL6Up3N32b2p9plus_0p02
93	Up3	3.0	32	0.888888888889	3.3	0.303030303030	-0.615946429222	56	0.875000000000	-0.635946429222	m0p635946	-0.02	minus_0p02	6	6	0.1	2000	10000	20	3	ccsd	/home/9pm/nUHubbard/runs/gce_mu_L6_L8seed_20260719/spinHS/Up3/Ntot032_n0.888889_b3p3_mum0p635946_minus_0p02	917000093	1907194093	Up3_L6_N032_b3p3	initial_L8_seed_pm0p02	scripts_interacting_qmc_ed_ce_gce_eqtime_L8_Up3_three_density_beta20_20260713_manifests_gce_prod_L8_Up3_spinHS_20260713_all.tsv	muL6Up3N32b3p3minus_0p02
94	Up3	3.0	32	0.888888888889	3.3	0.303030303030	-0.615946429222	56	0.875000000000	-0.615946429222	m0p615946	0.00	center	6	6	0.1	2000	10000	20	3	ccsd	/home/9pm/nUHubbard/runs/gce_mu_L6_L8seed_20260719/spinHS/Up3/Ntot032_n0.888889_b3p3_mum0p615946_center	917000094	1907194094	Up3_L6_N032_b3p3	initial_L8_seed_pm0p02	scripts_interacting_qmc_ed_ce_gce_eqtime_L8_Up3_three_density_beta20_20260713_manifests_gce_prod_L8_Up3_spinHS_20260713_all.tsv	muL6Up3N32b3p3center
95	Up3	3.0	32	0.888888888889	3.3	0.303030303030	-0.615946429222	56	0.875000000000	-0.595946429222	m0p595946	0.02	plus_0p02	6	6	0.1	2000	10000	20	3	ccsd	/home/9pm/nUHubbard/runs/gce_mu_L6_L8seed_20260719/spinHS/Up3/Ntot032_n0.888889_b3p3_mum0p595946_plus_0p02	917000095	1907194095	Up3_L6_N032_b3p3	initial_L8_seed_pm0p02	scripts_interacting_qmc_ed_ce_gce_eqtime_L8_Up3_three_density_beta20_20260713_manifests_gce_prod_L8_Up3_spinHS_20260713_all.tsv	muL6Up3N32b3p3plus_0p02
96	Up3	3.0	32	0.888888888889	4.0	0.250000000000	-0.599553800400	56	0.875000000000	-0.619553800400	m0p619554	-0.02	minus_0p02	6	6	0.1	2000	10000	20	3	ccsd	/home/9pm/nUHubbard/runs/gce_mu_L6_L8seed_20260719/spinHS/Up3/Ntot032_n0.888889_b4p0_mum0p619554_minus_0p02	917000096	1907194096	Up3_L6_N032_b4p0	initial_L8_seed_pm0p02	scripts_interacting_qmc_ed_ce_gce_eqtime_L8_Up3_three_density_beta20_20260713_manifests_gce_prod_L8_Up3_spinHS_20260713_all.tsv	muL6Up3N32b4p0minus_0p02
97	Up3	3.0	32	0.888888888889	4.0	0.250000000000	-0.599553800400	56	0.875000000000	-0.599553800400	m0p599554	0.00	center	6	6	0.1	2000	10000	20	3	ccsd	/home/9pm/nUHubbard/runs/gce_mu_L6_L8seed_20260719/spinHS/Up3/Ntot032_n0.888889_b4p0_mum0p599554_center	917000097	1907194097	Up3_L6_N032_b4p0	initial_L8_seed_pm0p02	scripts_interacting_qmc_ed_ce_gce_eqtime_L8_Up3_three_density_beta20_20260713_manifests_gce_prod_L8_Up3_spinHS_20260713_all.tsv	muL6Up3N32b4p0center
98	Up3	3.0	32	0.888888888889	4.0	0.250000000000	-0.599553800400	56	0.875000000000	-0.579553800400	m0p579554	0.02	plus_0p02	6	6	0.1	2000	10000	20	3	ccsd	/home/9pm/nUHubbard/runs/gce_mu_L6_L8seed_20260719/spinHS/Up3/Ntot032_n0.888889_b4p0_mum0p579554_plus_0p02	917000098	1907194098	Up3_L6_N032_b4p0	initial_L8_seed_pm0p02	scripts_interacting_qmc_ed_ce_gce_eqtime_L8_Up3_three_density_beta20_20260713_manifests_gce_prod_L8_Up3_spinHS_20260713_all.tsv	muL6Up3N32b4p0plus_0p02
99	Up3	3.0	32	0.888888888889	5.0	0.200000000000	-0.580797041999	56	0.875000000000	-0.600797041999	m0p600797	-0.02	minus_0p02	6	6	0.1	2000	10000	20	3	ccsd	/home/9pm/nUHubbard/runs/gce_mu_L6_L8seed_20260719/spinHS/Up3/Ntot032_n0.888889_b5p0_mum0p600797_minus_0p02	917000099	1907194099	Up3_L6_N032_b5p0	initial_L8_seed_pm0p02	scripts_interacting_qmc_ed_ce_gce_eqtime_L8_Up3_three_density_beta20_20260713_manifests_gce_prod_L8_Up3_spinHS_20260713_all.tsv	muL6Up3N32b5p0minus_0p02
100	Up3	3.0	32	0.888888888889	5.0	0.200000000000	-0.580797041999	56	0.875000000000	-0.580797041999	m0p580797	0.00	center	6	6	0.1	2000	10000	20	3	ccsd	/home/9pm/nUHubbard/runs/gce_mu_L6_L8seed_20260719/spinHS/Up3/Ntot032_n0.888889_b5p0_mum0p580797_center	917000100	1907194100	Up3_L6_N032_b5p0	initial_L8_seed_pm0p02	scripts_interacting_qmc_ed_ce_gce_eqtime_L8_Up3_three_density_beta20_20260713_manifests_gce_prod_L8_Up3_spinHS_20260713_all.tsv	muL6Up3N32b5p0center
101	Up3	3.0	32	0.888888888889	5.0	0.200000000000	-0.580797041999	56	0.875000000000	-0.560797041999	m0p560797	0.02	plus_0p02	6	6	0.1	2000	10000	20	3	ccsd	/home/9pm/nUHubbard/runs/gce_mu_L6_L8seed_20260719/spinHS/Up3/Ntot032_n0.888889_b5p0_mum0p560797_plus_0p02	917000101	1907194101	Up3_L6_N032_b5p0	initial_L8_seed_pm0p02	scripts_interacting_qmc_ed_ce_gce_eqtime_L8_Up3_three_density_beta20_20260713_manifests_gce_prod_L8_Up3_spinHS_20260713_all.tsv	muL6Up3N32b5p0plus_0p02
102	Up3	3.0	32	0.888888888889	6.7	0.149253731343	-0.558573688064	56	0.875000000000	-0.578573688064	m0p578574	-0.02	minus_0p02	6	6	0.1	2000	10000	20	3	ccsd	/home/9pm/nUHubbard/runs/gce_mu_L6_L8seed_20260719/spinHS/Up3/Ntot032_n0.888889_b6p7_mum0p578574_minus_0p02	917000102	1907194102	Up3_L6_N032_b6p7	initial_L8_seed_pm0p02	scripts_interacting_qmc_ed_ce_gce_eqtime_L8_Up3_three_density_beta20_20260713_manifests_gce_prod_L8_Up3_spinHS_20260713_all.tsv	muL6Up3N32b6p7minus_0p02
103	Up3	3.0	32	0.888888888889	6.7	0.149253731343	-0.558573688064	56	0.875000000000	-0.558573688064	m0p558574	0.00	center	6	6	0.1	2000	10000	20	3	ccsd	/home/9pm/nUHubbard/runs/gce_mu_L6_L8seed_20260719/spinHS/Up3/Ntot032_n0.888889_b6p7_mum0p558574_center	917000103	1907194103	Up3_L6_N032_b6p7	initial_L8_seed_pm0p02	scripts_interacting_qmc_ed_ce_gce_eqtime_L8_Up3_three_density_beta20_20260713_manifests_gce_prod_L8_Up3_spinHS_20260713_all.tsv	muL6Up3N32b6p7center
104	Up3	3.0	32	0.888888888889	6.7	0.149253731343	-0.558573688064	56	0.875000000000	-0.538573688064	m0p538574	0.02	plus_0p02	6	6	0.1	2000	10000	20	3	ccsd	/home/9pm/nUHubbard/runs/gce_mu_L6_L8seed_20260719/spinHS/Up3/Ntot032_n0.888889_b6p7_mum0p538574_plus_0p02	917000104	1907194104	Up3_L6_N032_b6p7	initial_L8_seed_pm0p02	scripts_interacting_qmc_ed_ce_gce_eqtime_L8_Up3_three_density_beta20_20260713_manifests_gce_prod_L8_Up3_spinHS_20260713_all.tsv	muL6Up3N32b6p7plus_0p02
105	Up3	3.0	32	0.888888888889	10.0	0.100000000000	-0.530637387950	56	0.875000000000	-0.550637387950	m0p550637	-0.02	minus_0p02	6	6	0.1	2000	10000	20	3	ccsd	/home/9pm/nUHubbard/runs/gce_mu_L6_L8seed_20260719/spinHS/Up3/Ntot032_n0.888889_b10p0_mum0p550637_minus_0p02	917000105	1907194105	Up3_L6_N032_b10p0	initial_L8_seed_pm0p02	scripts_interacting_qmc_ed_ce_gce_eqtime_L8_Up3_three_density_beta20_20260713_manifests_gce_prod_L8_Up3_spinHS_20260713_all.tsv	muL6Up3N32b10p0minus_0p02
106	Up3	3.0	32	0.888888888889	10.0	0.100000000000	-0.530637387950	56	0.875000000000	-0.530637387950	m0p530637	0.00	center	6	6	0.1	2000	10000	20	3	ccsd	/home/9pm/nUHubbard/runs/gce_mu_L6_L8seed_20260719/spinHS/Up3/Ntot032_n0.888889_b10p0_mum0p530637_center	917000106	1907194106	Up3_L6_N032_b10p0	initial_L8_seed_pm0p02	scripts_interacting_qmc_ed_ce_gce_eqtime_L8_Up3_three_density_beta20_20260713_manifests_gce_prod_L8_Up3_spinHS_20260713_all.tsv	muL6Up3N32b10p0center
107	Up3	3.0	32	0.888888888889	10.0	0.100000000000	-0.530637387950	56	0.875000000000	-0.510637387950	m0p510637	0.02	plus_0p02	6	6	0.1	2000	10000	20	3	ccsd	/home/9pm/nUHubbard/runs/gce_mu_L6_L8seed_20260719/spinHS/Up3/Ntot032_n0.888889_b10p0_mum0p510637_plus_0p02	917000107	1907194107	Up3_L6_N032_b10p0	initial_L8_seed_pm0p02	scripts_interacting_qmc_ed_ce_gce_eqtime_L8_Up3_three_density_beta20_20260713_manifests_gce_prod_L8_Up3_spinHS_20260713_all.tsv	muL6Up3N32b10p0plus_0p02
108	Up5	5.0	12	0.333333333333	2.0	0.500000000000	-4.216651990574	22	0.343750000000	-4.236651990574	m4p236652	-0.02	minus_0p02	6	6	0.1	2000	10000	20	3	ccsd	/home/9pm/nUHubbard/runs/gce_mu_L6_L8seed_20260719/spinHS/Up5/Ntot012_n0.333333_b2p0_mum4p236652_minus_0p02	917000108	1907194108	Up5_L6_N012_b2p0	initial_L8_seed_pm0p02	scripts_interacting_qmc_ed_gce_prod_L8_found_mu_N46_allU_Up5small_beta_le10_20260713_manifests_gce_prod_L8_found_mu_spinHS_20260713_all.tsv	muL6Up5N12b2p0minus_0p02
109	Up5	5.0	12	0.333333333333	2.0	0.500000000000	-4.216651990574	22	0.343750000000	-4.216651990574	m4p216652	0.00	center	6	6	0.1	2000	10000	20	3	ccsd	/home/9pm/nUHubbard/runs/gce_mu_L6_L8seed_20260719/spinHS/Up5/Ntot012_n0.333333_b2p0_mum4p216652_center	917000109	1907194109	Up5_L6_N012_b2p0	initial_L8_seed_pm0p02	scripts_interacting_qmc_ed_gce_prod_L8_found_mu_N46_allU_Up5small_beta_le10_20260713_manifests_gce_prod_L8_found_mu_spinHS_20260713_all.tsv	muL6Up5N12b2p0center
110	Up5	5.0	12	0.333333333333	2.0	0.500000000000	-4.216651990574	22	0.343750000000	-4.196651990574	m4p196652	0.02	plus_0p02	6	6	0.1	2000	10000	20	3	ccsd	/home/9pm/nUHubbard/runs/gce_mu_L6_L8seed_20260719/spinHS/Up5/Ntot012_n0.333333_b2p0_mum4p196652_plus_0p02	917000110	1907194110	Up5_L6_N012_b2p0	initial_L8_seed_pm0p02	scripts_interacting_qmc_ed_gce_prod_L8_found_mu_N46_allU_Up5small_beta_le10_20260713_manifests_gce_prod_L8_found_mu_spinHS_20260713_all.tsv	muL6Up5N12b2p0plus_0p02
111	Up5	5.0	12	0.333333333333	2.2	0.454545454545	-4.188887152235	22	0.343750000000	-4.208887152235	m4p208887	-0.02	minus_0p02	6	6	0.1	2000	10000	20	3	ccsd	/home/9pm/nUHubbard/runs/gce_mu_L6_L8seed_20260719/spinHS/Up5/Ntot012_n0.333333_b2p2_mum4p208887_minus_0p02	917000111	1907194111	Up5_L6_N012_b2p2	initial_L8_seed_pm0p02	scripts_interacting_qmc_ed_gce_prod_L8_found_mu_N46_allU_Up5small_beta_le10_20260713_manifests_gce_prod_L8_found_mu_spinHS_20260713_all.tsv	muL6Up5N12b2p2minus_0p02
112	Up5	5.0	12	0.333333333333	2.2	0.454545454545	-4.188887152235	22	0.343750000000	-4.188887152235	m4p188887	0.00	center	6	6	0.1	2000	10000	20	3	ccsd	/home/9pm/nUHubbard/runs/gce_mu_L6_L8seed_20260719/spinHS/Up5/Ntot012_n0.333333_b2p2_mum4p188887_center	917000112	1907194112	Up5_L6_N012_b2p2	initial_L8_seed_pm0p02	scripts_interacting_qmc_ed_gce_prod_L8_found_mu_N46_allU_Up5small_beta_le10_20260713_manifests_gce_prod_L8_found_mu_spinHS_20260713_all.tsv	muL6Up5N12b2p2center
113	Up5	5.0	12	0.333333333333	2.2	0.454545454545	-4.188887152235	22	0.343750000000	-4.168887152235	m4p168887	0.02	plus_0p02	6	6	0.1	2000	10000	20	3	ccsd	/home/9pm/nUHubbard/runs/gce_mu_L6_L8seed_20260719/spinHS/Up5/Ntot012_n0.333333_b2p2_mum4p168887_plus_0p02	917000113	1907194113	Up5_L6_N012_b2p2	initial_L8_seed_pm0p02	scripts_interacting_qmc_ed_gce_prod_L8_found_mu_N46_allU_Up5small_beta_le10_20260713_manifests_gce_prod_L8_found_mu_spinHS_20260713_all.tsv	muL6Up5N12b2p2plus_0p02
114	Up5	5.0	12	0.333333333333	2.5	0.400000000000	-4.157155960421	22	0.343750000000	-4.177155960421	m4p177156	-0.02	minus_0p02	6	6	0.1	2000	10000	20	3	ccsd	/home/9pm/nUHubbard/runs/gce_mu_L6_L8seed_20260719/spinHS/Up5/Ntot012_n0.333333_b2p5_mum4p177156_minus_0p02	917000114	1907194114	Up5_L6_N012_b2p5	initial_L8_seed_pm0p02	scripts_interacting_qmc_ed_gce_prod_L8_found_mu_N46_allU_Up5small_beta_le10_20260713_manifests_gce_prod_L8_found_mu_spinHS_20260713_all.tsv	muL6Up5N12b2p5minus_0p02
115	Up5	5.0	12	0.333333333333	2.5	0.400000000000	-4.157155960421	22	0.343750000000	-4.157155960421	m4p157156	0.00	center	6	6	0.1	2000	10000	20	3	ccsd	/home/9pm/nUHubbard/runs/gce_mu_L6_L8seed_20260719/spinHS/Up5/Ntot012_n0.333333_b2p5_mum4p157156_center	917000115	1907194115	Up5_L6_N012_b2p5	initial_L8_seed_pm0p02	scripts_interacting_qmc_ed_gce_prod_L8_found_mu_N46_allU_Up5small_beta_le10_20260713_manifests_gce_prod_L8_found_mu_spinHS_20260713_all.tsv	muL6Up5N12b2p5center
116	Up5	5.0	12	0.333333333333	2.5	0.400000000000	-4.157155960421	22	0.343750000000	-4.137155960421	m4p137156	0.02	plus_0p02	6	6	0.1	2000	10000	20	3	ccsd	/home/9pm/nUHubbard/runs/gce_mu_L6_L8seed_20260719/spinHS/Up5/Ntot012_n0.333333_b2p5_mum4p137156_plus_0p02	917000116	1907194116	Up5_L6_N012_b2p5	initial_L8_seed_pm0p02	scripts_interacting_qmc_ed_gce_prod_L8_found_mu_N46_allU_Up5small_beta_le10_20260713_manifests_gce_prod_L8_found_mu_spinHS_20260713_all.tsv	muL6Up5N12b2p5plus_0p02
117	Up5	5.0	12	0.333333333333	2.9	0.344827586207	-4.125489175792	22	0.343750000000	-4.145489175792	m4p145489	-0.02	minus_0p02	6	6	0.1	2000	10000	20	3	ccsd	/home/9pm/nUHubbard/runs/gce_mu_L6_L8seed_20260719/spinHS/Up5/Ntot012_n0.333333_b2p9_mum4p145489_minus_0p02	917000117	1907194117	Up5_L6_N012_b2p9	initial_L8_seed_pm0p02	scripts_interacting_qmc_ed_gce_prod_L8_found_mu_N46_allU_Up5small_beta_le10_20260713_manifests_gce_prod_L8_found_mu_spinHS_20260713_all.tsv	muL6Up5N12b2p9minus_0p02
118	Up5	5.0	12	0.333333333333	2.9	0.344827586207	-4.125489175792	22	0.343750000000	-4.125489175792	m4p125489	0.00	center	6	6	0.1	2000	10000	20	3	ccsd	/home/9pm/nUHubbard/runs/gce_mu_L6_L8seed_20260719/spinHS/Up5/Ntot012_n0.333333_b2p9_mum4p125489_center	917000118	1907194118	Up5_L6_N012_b2p9	initial_L8_seed_pm0p02	scripts_interacting_qmc_ed_gce_prod_L8_found_mu_N46_allU_Up5small_beta_le10_20260713_manifests_gce_prod_L8_found_mu_spinHS_20260713_all.tsv	muL6Up5N12b2p9center
119	Up5	5.0	12	0.333333333333	2.9	0.344827586207	-4.125489175792	22	0.343750000000	-4.105489175792	m4p105489	0.02	plus_0p02	6	6	0.1	2000	10000	20	3	ccsd	/home/9pm/nUHubbard/runs/gce_mu_L6_L8seed_20260719/spinHS/Up5/Ntot012_n0.333333_b2p9_mum4p105489_plus_0p02	917000119	1907194119	Up5_L6_N012_b2p9	initial_L8_seed_pm0p02	scripts_interacting_qmc_ed_gce_prod_L8_found_mu_N46_allU_Up5small_beta_le10_20260713_manifests_gce_prod_L8_found_mu_spinHS_20260713_all.tsv	muL6Up5N12b2p9plus_0p02
120	Up5	5.0	12	0.333333333333	3.3	0.303030303030	-4.101248094793	22	0.343750000000	-4.121248094793	m4p121248	-0.02	minus_0p02	6	6	0.1	2000	10000	20	3	ccsd	/home/9pm/nUHubbard/runs/gce_mu_L6_L8seed_20260719/spinHS/Up5/Ntot012_n0.333333_b3p3_mum4p121248_minus_0p02	917000120	1907194120	Up5_L6_N012_b3p3	initial_L8_seed_pm0p02	scripts_interacting_qmc_ed_gce_prod_L8_found_mu_N46_allU_Up5small_beta_le10_20260713_manifests_gce_prod_L8_found_mu_spinHS_20260713_all.tsv	muL6Up5N12b3p3minus_0p02
121	Up5	5.0	12	0.333333333333	3.3	0.303030303030	-4.101248094793	22	0.343750000000	-4.101248094793	m4p101248	0.00	center	6	6	0.1	2000	10000	20	3	ccsd	/home/9pm/nUHubbard/runs/gce_mu_L6_L8seed_20260719/spinHS/Up5/Ntot012_n0.333333_b3p3_mum4p101248_center	917000121	1907194121	Up5_L6_N012_b3p3	initial_L8_seed_pm0p02	scripts_interacting_qmc_ed_gce_prod_L8_found_mu_N46_allU_Up5small_beta_le10_20260713_manifests_gce_prod_L8_found_mu_spinHS_20260713_all.tsv	muL6Up5N12b3p3center
122	Up5	5.0	12	0.333333333333	3.3	0.303030303030	-4.101248094793	22	0.343750000000	-4.081248094793	m4p081248	0.02	plus_0p02	6	6	0.1	2000	10000	20	3	ccsd	/home/9pm/nUHubbard/runs/gce_mu_L6_L8seed_20260719/spinHS/Up5/Ntot012_n0.333333_b3p3_mum4p081248_plus_0p02	917000122	1907194122	Up5_L6_N012_b3p3	initial_L8_seed_pm0p02	scripts_interacting_qmc_ed_gce_prod_L8_found_mu_N46_allU_Up5small_beta_le10_20260713_manifests_gce_prod_L8_found_mu_spinHS_20260713_all.tsv	muL6Up5N12b3p3plus_0p02
123	Up5	5.0	12	0.333333333333	4.0	0.250000000000	-4.068318573186	22	0.343750000000	-4.088318573186	m4p088319	-0.02	minus_0p02	6	6	0.1	2000	10000	20	3	ccsd	/home/9pm/nUHubbard/runs/gce_mu_L6_L8seed_20260719/spinHS/Up5/Ntot012_n0.333333_b4p0_mum4p088319_minus_0p02	917000123	1907194123	Up5_L6_N012_b4p0	initial_L8_seed_pm0p02	scripts_interacting_qmc_ed_gce_prod_L8_found_mu_N46_allU_Up5small_beta_le10_20260713_manifests_gce_prod_L8_found_mu_spinHS_20260713_all.tsv	muL6Up5N12b4p0minus_0p02
124	Up5	5.0	12	0.333333333333	4.0	0.250000000000	-4.068318573186	22	0.343750000000	-4.068318573186	m4p068319	0.00	center	6	6	0.1	2000	10000	20	3	ccsd	/home/9pm/nUHubbard/runs/gce_mu_L6_L8seed_20260719/spinHS/Up5/Ntot012_n0.333333_b4p0_mum4p068319_center	917000124	1907194124	Up5_L6_N012_b4p0	initial_L8_seed_pm0p02	scripts_interacting_qmc_ed_gce_prod_L8_found_mu_N46_allU_Up5small_beta_le10_20260713_manifests_gce_prod_L8_found_mu_spinHS_20260713_all.tsv	muL6Up5N12b4p0center
125	Up5	5.0	12	0.333333333333	4.0	0.250000000000	-4.068318573186	22	0.343750000000	-4.048318573186	m4p048319	0.02	plus_0p02	6	6	0.1	2000	10000	20	3	ccsd	/home/9pm/nUHubbard/runs/gce_mu_L6_L8seed_20260719/spinHS/Up5/Ntot012_n0.333333_b4p0_mum4p048319_plus_0p02	917000125	1907194125	Up5_L6_N012_b4p0	initial_L8_seed_pm0p02	scripts_interacting_qmc_ed_gce_prod_L8_found_mu_N46_allU_Up5small_beta_le10_20260713_manifests_gce_prod_L8_found_mu_spinHS_20260713_all.tsv	muL6Up5N12b4p0plus_0p02
126	Up5	5.0	12	0.333333333333	5.0	0.200000000000	-4.034260343227	22	0.343750000000	-4.054260343227	m4p054260	-0.02	minus_0p02	6	6	0.1	2000	10000	20	3	ccsd	/home/9pm/nUHubbard/runs/gce_mu_L6_L8seed_20260719/spinHS/Up5/Ntot012_n0.333333_b5p0_mum4p054260_minus_0p02	917000126	1907194126	Up5_L6_N012_b5p0	initial_L8_seed_pm0p02	scripts_interacting_qmc_ed_gce_prod_L8_found_mu_N46_allU_Up5small_beta_le10_20260713_manifests_gce_prod_L8_found_mu_spinHS_20260713_all.tsv	muL6Up5N12b5p0minus_0p02
127	Up5	5.0	12	0.333333333333	5.0	0.200000000000	-4.034260343227	22	0.343750000000	-4.034260343227	m4p034260	0.00	center	6	6	0.1	2000	10000	20	3	ccsd	/home/9pm/nUHubbard/runs/gce_mu_L6_L8seed_20260719/spinHS/Up5/Ntot012_n0.333333_b5p0_mum4p034260_center	917000127	1907194127	Up5_L6_N012_b5p0	initial_L8_seed_pm0p02	scripts_interacting_qmc_ed_gce_prod_L8_found_mu_N46_allU_Up5small_beta_le10_20260713_manifests_gce_prod_L8_found_mu_spinHS_20260713_all.tsv	muL6Up5N12b5p0center
128	Up5	5.0	12	0.333333333333	5.0	0.200000000000	-4.034260343227	22	0.343750000000	-4.014260343227	m4p014260	0.02	plus_0p02	6	6	0.1	2000	10000	20	3	ccsd	/home/9pm/nUHubbard/runs/gce_mu_L6_L8seed_20260719/spinHS/Up5/Ntot012_n0.333333_b5p0_mum4p014260_plus_0p02	917000128	1907194128	Up5_L6_N012_b5p0	initial_L8_seed_pm0p02	scripts_interacting_qmc_ed_gce_prod_L8_found_mu_N46_allU_Up5small_beta_le10_20260713_manifests_gce_prod_L8_found_mu_spinHS_20260713_all.tsv	muL6Up5N12b5p0plus_0p02
129	Up5	5.0	12	0.333333333333	6.7	0.149253731343	-4.000289541544	22	0.343750000000	-4.020289541544	m4p020290	-0.02	minus_0p02	6	6	0.1	2000	10000	20	3	ccsd	/home/9pm/nUHubbard/runs/gce_mu_L6_L8seed_20260719/spinHS/Up5/Ntot012_n0.333333_b6p7_mum4p020290_minus_0p02	917000129	1907194129	Up5_L6_N012_b6p7	initial_L8_seed_pm0p02	scripts_interacting_qmc_ed_gce_prod_L8_found_mu_N46_allU_Up5small_beta_le10_20260713_manifests_gce_prod_L8_found_mu_spinHS_20260713_all.tsv	muL6Up5N12b6p7minus_0p02
130	Up5	5.0	12	0.333333333333	6.7	0.149253731343	-4.000289541544	22	0.343750000000	-4.000289541544	m4p000290	0.00	center	6	6	0.1	2000	10000	20	3	ccsd	/home/9pm/nUHubbard/runs/gce_mu_L6_L8seed_20260719/spinHS/Up5/Ntot012_n0.333333_b6p7_mum4p000290_center	917000130	1907194130	Up5_L6_N012_b6p7	initial_L8_seed_pm0p02	scripts_interacting_qmc_ed_gce_prod_L8_found_mu_N46_allU_Up5small_beta_le10_20260713_manifests_gce_prod_L8_found_mu_spinHS_20260713_all.tsv	muL6Up5N12b6p7center
131	Up5	5.0	12	0.333333333333	6.7	0.149253731343	-4.000289541544	22	0.343750000000	-3.980289541544	m3p980290	0.02	plus_0p02	6	6	0.1	2000	10000	20	3	ccsd	/home/9pm/nUHubbard/runs/gce_mu_L6_L8seed_20260719/spinHS/Up5/Ntot012_n0.333333_b6p7_mum3p980290_plus_0p02	917000131	1907194131	Up5_L6_N012_b6p7	initial_L8_seed_pm0p02	scripts_interacting_qmc_ed_gce_prod_L8_found_mu_N46_allU_Up5small_beta_le10_20260713_manifests_gce_prod_L8_found_mu_spinHS_20260713_all.tsv	muL6Up5N12b6p7plus_0p02
132	Up5	5.0	12	0.333333333333	10.0	0.100000000000	-3.978505973158	22	0.343750000000	-3.998505973158	m3p998506	-0.02	minus_0p02	6	6	0.1	2000	10000	20	3	ccsd	/home/9pm/nUHubbard/runs/gce_mu_L6_L8seed_20260719/spinHS/Up5/Ntot012_n0.333333_b10p0_mum3p998506_minus_0p02	917000132	1907194132	Up5_L6_N012_b10p0	initial_L8_seed_pm0p02	scripts_interacting_qmc_ed_gce_prod_L8_found_mu_N46_allU_Up5small_beta_le10_20260713_manifests_gce_prod_L8_found_mu_spinHS_20260713_all.tsv	muL6Up5N12b10p0minus_0p02
133	Up5	5.0	12	0.333333333333	10.0	0.100000000000	-3.978505973158	22	0.343750000000	-3.978505973158	m3p978506	0.00	center	6	6	0.1	2000	10000	20	3	ccsd	/home/9pm/nUHubbard/runs/gce_mu_L6_L8seed_20260719/spinHS/Up5/Ntot012_n0.333333_b10p0_mum3p978506_center	917000133	1907194133	Up5_L6_N012_b10p0	initial_L8_seed_pm0p02	scripts_interacting_qmc_ed_gce_prod_L8_found_mu_N46_allU_Up5small_beta_le10_20260713_manifests_gce_prod_L8_found_mu_spinHS_20260713_all.tsv	muL6Up5N12b10p0center
134	Up5	5.0	12	0.333333333333	10.0	0.100000000000	-3.978505973158	22	0.343750000000	-3.958505973158	m3p958506	0.02	plus_0p02	6	6	0.1	2000	10000	20	3	ccsd	/home/9pm/nUHubbard/runs/gce_mu_L6_L8seed_20260719/spinHS/Up5/Ntot012_n0.333333_b10p0_mum3p958506_plus_0p02	917000134	1907194134	Up5_L6_N012_b10p0	initial_L8_seed_pm0p02	scripts_interacting_qmc_ed_gce_prod_L8_found_mu_N46_allU_Up5small_beta_le10_20260713_manifests_gce_prod_L8_found_mu_spinHS_20260713_all.tsv	muL6Up5N12b10p0plus_0p02
135	Up5	5.0	18	0.500000000000	2.0	0.500000000000	-3.294714508400	32	0.500000000000	-3.314714508400	m3p314715	-0.02	minus_0p02	6	6	0.1	2000	10000	20	3	ccsd	/home/9pm/nUHubbard/runs/gce_mu_L6_L8seed_20260719/spinHS/Up5/Ntot018_n0.500000_b2p0_mum3p314715_minus_0p02	917000135	1907194135	Up5_L6_N018_b2p0	initial_L8_seed_pm0p02	scripts_interacting_qmc_ed_gce_prod_L8_found_mu_N46_allU_Up5small_beta_le10_20260713_manifests_gce_prod_L8_found_mu_spinHS_20260713_Up5_N32_b2p0_ccsd.tsv	muL6Up5N18b2p0minus_0p02
136	Up5	5.0	18	0.500000000000	2.0	0.500000000000	-3.294714508400	32	0.500000000000	-3.294714508400	m3p294715	0.00	center	6	6	0.1	2000	10000	20	3	ccsd	/home/9pm/nUHubbard/runs/gce_mu_L6_L8seed_20260719/spinHS/Up5/Ntot018_n0.500000_b2p0_mum3p294715_center	917000136	1907194136	Up5_L6_N018_b2p0	initial_L8_seed_pm0p02	scripts_interacting_qmc_ed_gce_prod_L8_found_mu_N46_allU_Up5small_beta_le10_20260713_manifests_gce_prod_L8_found_mu_spinHS_20260713_Up5_N32_b2p0_ccsd.tsv	muL6Up5N18b2p0center
137	Up5	5.0	18	0.500000000000	2.0	0.500000000000	-3.294714508400	32	0.500000000000	-3.274714508400	m3p274715	0.02	plus_0p02	6	6	0.1	2000	10000	20	3	ccsd	/home/9pm/nUHubbard/runs/gce_mu_L6_L8seed_20260719/spinHS/Up5/Ntot018_n0.500000_b2p0_mum3p274715_plus_0p02	917000137	1907194137	Up5_L6_N018_b2p0	initial_L8_seed_pm0p02	scripts_interacting_qmc_ed_gce_prod_L8_found_mu_N46_allU_Up5small_beta_le10_20260713_manifests_gce_prod_L8_found_mu_spinHS_20260713_Up5_N32_b2p0_ccsd.tsv	muL6Up5N18b2p0plus_0p02
138	Up5	5.0	18	0.500000000000	2.2	0.454545454545	-3.269791488526	32	0.500000000000	-3.289791488526	m3p289791	-0.02	minus_0p02	6	6	0.1	2000	10000	20	3	ccsd	/home/9pm/nUHubbard/runs/gce_mu_L6_L8seed_20260719/spinHS/Up5/Ntot018_n0.500000_b2p2_mum3p289791_minus_0p02	917000138	1907194138	Up5_L6_N018_b2p2	initial_L8_seed_pm0p02	scripts_interacting_qmc_ed_gce_prod_L8_found_mu_N46_allU_Up5small_beta_le10_20260713_manifests_gce_prod_L8_found_mu_spinHS_20260713_all.tsv	muL6Up5N18b2p2minus_0p02
139	Up5	5.0	18	0.500000000000	2.2	0.454545454545	-3.269791488526	32	0.500000000000	-3.269791488526	m3p269791	0.00	center	6	6	0.1	2000	10000	20	3	ccsd	/home/9pm/nUHubbard/runs/gce_mu_L6_L8seed_20260719/spinHS/Up5/Ntot018_n0.500000_b2p2_mum3p269791_center	917000139	1907194139	Up5_L6_N018_b2p2	initial_L8_seed_pm0p02	scripts_interacting_qmc_ed_gce_prod_L8_found_mu_N46_allU_Up5small_beta_le10_20260713_manifests_gce_prod_L8_found_mu_spinHS_20260713_all.tsv	muL6Up5N18b2p2center
140	Up5	5.0	18	0.500000000000	2.2	0.454545454545	-3.269791488526	32	0.500000000000	-3.249791488526	m3p249791	0.02	plus_0p02	6	6	0.1	2000	10000	20	3	ccsd	/home/9pm/nUHubbard/runs/gce_mu_L6_L8seed_20260719/spinHS/Up5/Ntot018_n0.500000_b2p2_mum3p249791_plus_0p02	917000140	1907194140	Up5_L6_N018_b2p2	initial_L8_seed_pm0p02	scripts_interacting_qmc_ed_gce_prod_L8_found_mu_N46_allU_Up5small_beta_le10_20260713_manifests_gce_prod_L8_found_mu_spinHS_20260713_all.tsv	muL6Up5N18b2p2plus_0p02
141	Up5	5.0	18	0.500000000000	2.5	0.400000000000	-3.241906559964	32	0.500000000000	-3.261906559964	m3p261907	-0.02	minus_0p02	6	6	0.1	2000	10000	20	3	ccsd	/home/9pm/nUHubbard/runs/gce_mu_L6_L8seed_20260719/spinHS/Up5/Ntot018_n0.500000_b2p5_mum3p261907_minus_0p02	917000141	1907194141	Up5_L6_N018_b2p5	initial_L8_seed_pm0p02	scripts_interacting_qmc_ed_gce_prod_L8_found_mu_N46_allU_Up5small_beta_le10_20260713_manifests_gce_prod_L8_found_mu_spinHS_20260713_all.tsv	muL6Up5N18b2p5minus_0p02
142	Up5	5.0	18	0.500000000000	2.5	0.400000000000	-3.241906559964	32	0.500000000000	-3.241906559964	m3p241907	0.00	center	6	6	0.1	2000	10000	20	3	ccsd	/home/9pm/nUHubbard/runs/gce_mu_L6_L8seed_20260719/spinHS/Up5/Ntot018_n0.500000_b2p5_mum3p241907_center	917000142	1907194142	Up5_L6_N018_b2p5	initial_L8_seed_pm0p02	scripts_interacting_qmc_ed_gce_prod_L8_found_mu_N46_allU_Up5small_beta_le10_20260713_manifests_gce_prod_L8_found_mu_spinHS_20260713_all.tsv	muL6Up5N18b2p5center
143	Up5	5.0	18	0.500000000000	2.5	0.400000000000	-3.241906559964	32	0.500000000000	-3.221906559964	m3p221907	0.02	plus_0p02	6	6	0.1	2000	10000	20	3	ccsd	/home/9pm/nUHubbard/runs/gce_mu_L6_L8seed_20260719/spinHS/Up5/Ntot018_n0.500000_b2p5_mum3p221907_plus_0p02	917000143	1907194143	Up5_L6_N018_b2p5	initial_L8_seed_pm0p02	scripts_interacting_qmc_ed_gce_prod_L8_found_mu_N46_allU_Up5small_beta_le10_20260713_manifests_gce_prod_L8_found_mu_spinHS_20260713_all.tsv	muL6Up5N18b2p5plus_0p02
144	Up5	5.0	18	0.500000000000	2.9	0.344827586207	-3.216903770400	32	0.500000000000	-3.236903770400	m3p236904	-0.02	minus_0p02	6	6	0.1	2000	10000	20	3	ccsd	/home/9pm/nUHubbard/runs/gce_mu_L6_L8seed_20260719/spinHS/Up5/Ntot018_n0.500000_b2p9_mum3p236904_minus_0p02	917000144	1907194144	Up5_L6_N018_b2p9	initial_L8_seed_pm0p02	scripts_interacting_qmc_ed_gce_prod_L8_found_mu_N46_allU_Up5small_beta_le10_20260713_manifests_gce_prod_L8_found_mu_spinHS_20260713_all.tsv	muL6Up5N18b2p9minus_0p02
145	Up5	5.0	18	0.500000000000	2.9	0.344827586207	-3.216903770400	32	0.500000000000	-3.216903770400	m3p216904	0.00	center	6	6	0.1	2000	10000	20	3	ccsd	/home/9pm/nUHubbard/runs/gce_mu_L6_L8seed_20260719/spinHS/Up5/Ntot018_n0.500000_b2p9_mum3p216904_center	917000145	1907194145	Up5_L6_N018_b2p9	initial_L8_seed_pm0p02	scripts_interacting_qmc_ed_gce_prod_L8_found_mu_N46_allU_Up5small_beta_le10_20260713_manifests_gce_prod_L8_found_mu_spinHS_20260713_all.tsv	muL6Up5N18b2p9center
146	Up5	5.0	18	0.500000000000	2.9	0.344827586207	-3.216903770400	32	0.500000000000	-3.196903770400	m3p196904	0.02	plus_0p02	6	6	0.1	2000	10000	20	3	ccsd	/home/9pm/nUHubbard/runs/gce_mu_L6_L8seed_20260719/spinHS/Up5/Ntot018_n0.500000_b2p9_mum3p196904_plus_0p02	917000146	1907194146	Up5_L6_N018_b2p9	initial_L8_seed_pm0p02	scripts_interacting_qmc_ed_gce_prod_L8_found_mu_N46_allU_Up5small_beta_le10_20260713_manifests_gce_prod_L8_found_mu_spinHS_20260713_all.tsv	muL6Up5N18b2p9plus_0p02
147	Up5	5.0	18	0.500000000000	3.3	0.303030303030	-3.201736627570	32	0.500000000000	-3.221736627570	m3p221737	-0.02	minus_0p02	6	6	0.1	2000	10000	20	3	ccsd	/home/9pm/nUHubbard/runs/gce_mu_L6_L8seed_20260719/spinHS/Up5/Ntot018_n0.500000_b3p3_mum3p221737_minus_0p02	917000147	1907194147	Up5_L6_N018_b3p3	initial_L8_seed_pm0p02	scripts_interacting_qmc_ed_gce_prod_L8_found_mu_N46_allU_Up5small_beta_le10_20260713_manifests_gce_prod_L8_found_mu_spinHS_20260713_all.tsv	muL6Up5N18b3p3minus_0p02
148	Up5	5.0	18	0.500000000000	3.3	0.303030303030	-3.201736627570	32	0.500000000000	-3.201736627570	m3p201737	0.00	center	6	6	0.1	2000	10000	20	3	ccsd	/home/9pm/nUHubbard/runs/gce_mu_L6_L8seed_20260719/spinHS/Up5/Ntot018_n0.500000_b3p3_mum3p201737_center	917000148	1907194148	Up5_L6_N018_b3p3	initial_L8_seed_pm0p02	scripts_interacting_qmc_ed_gce_prod_L8_found_mu_N46_allU_Up5small_beta_le10_20260713_manifests_gce_prod_L8_found_mu_spinHS_20260713_all.tsv	muL6Up5N18b3p3center
149	Up5	5.0	18	0.500000000000	3.3	0.303030303030	-3.201736627570	32	0.500000000000	-3.181736627570	m3p181737	0.02	plus_0p02	6	6	0.1	2000	10000	20	3	ccsd	/home/9pm/nUHubbard/runs/gce_mu_L6_L8seed_20260719/spinHS/Up5/Ntot018_n0.500000_b3p3_mum3p181737_plus_0p02	917000149	1907194149	Up5_L6_N018_b3p3	initial_L8_seed_pm0p02	scripts_interacting_qmc_ed_gce_prod_L8_found_mu_N46_allU_Up5small_beta_le10_20260713_manifests_gce_prod_L8_found_mu_spinHS_20260713_all.tsv	muL6Up5N18b3p3plus_0p02
150	Up5	5.0	18	0.500000000000	4.0	0.250000000000	-3.187048503042	32	0.500000000000	-3.207048503042	m3p207049	-0.02	minus_0p02	6	6	0.1	2000	10000	20	3	ccsd	/home/9pm/nUHubbard/runs/gce_mu_L6_L8seed_20260719/spinHS/Up5/Ntot018_n0.500000_b4p0_mum3p207049_minus_0p02	917000150	1907194150	Up5_L6_N018_b4p0	initial_L8_seed_pm0p02	scripts_interacting_qmc_ed_gce_prod_L8_found_mu_N46_allU_Up5small_beta_le10_20260713_manifests_gce_prod_L8_found_mu_spinHS_20260713_all.tsv	muL6Up5N18b4p0minus_0p02
151	Up5	5.0	18	0.500000000000	4.0	0.250000000000	-3.187048503042	32	0.500000000000	-3.187048503042	m3p187049	0.00	center	6	6	0.1	2000	10000	20	3	ccsd	/home/9pm/nUHubbard/runs/gce_mu_L6_L8seed_20260719/spinHS/Up5/Ntot018_n0.500000_b4p0_mum3p187049_center	917000151	1907194151	Up5_L6_N018_b4p0	initial_L8_seed_pm0p02	scripts_interacting_qmc_ed_gce_prod_L8_found_mu_N46_allU_Up5small_beta_le10_20260713_manifests_gce_prod_L8_found_mu_spinHS_20260713_all.tsv	muL6Up5N18b4p0center
152	Up5	5.0	18	0.500000000000	4.0	0.250000000000	-3.187048503042	32	0.500000000000	-3.167048503042	m3p167049	0.02	plus_0p02	6	6	0.1	2000	10000	20	3	ccsd	/home/9pm/nUHubbard/runs/gce_mu_L6_L8seed_20260719/spinHS/Up5/Ntot018_n0.500000_b4p0_mum3p167049_plus_0p02	917000152	1907194152	Up5_L6_N018_b4p0	initial_L8_seed_pm0p02	scripts_interacting_qmc_ed_gce_prod_L8_found_mu_N46_allU_Up5small_beta_le10_20260713_manifests_gce_prod_L8_found_mu_spinHS_20260713_all.tsv	muL6Up5N18b4p0plus_0p02
153	Up5	5.0	18	0.500000000000	5.0	0.200000000000	-3.178989277998	32	0.500000000000	-3.198989277998	m3p198989	-0.02	minus_0p02	6	6	0.1	2000	10000	20	3	ccsd	/home/9pm/nUHubbard/runs/gce_mu_L6_L8seed_20260719/spinHS/Up5/Ntot018_n0.500000_b5p0_mum3p198989_minus_0p02	917000153	1907194153	Up5_L6_N018_b5p0	initial_L8_seed_pm0p02	scripts_interacting_qmc_ed_gce_prod_L8_found_mu_N46_allU_Up5small_beta_le10_20260713_manifests_gce_prod_L8_found_mu_spinHS_20260713_all.tsv	muL6Up5N18b5p0minus_0p02
154	Up5	5.0	18	0.500000000000	5.0	0.200000000000	-3.178989277998	32	0.500000000000	-3.178989277998	m3p178989	0.00	center	6	6	0.1	2000	10000	20	3	ccsd	/home/9pm/nUHubbard/runs/gce_mu_L6_L8seed_20260719/spinHS/Up5/Ntot018_n0.500000_b5p0_mum3p178989_center	917000154	1907194154	Up5_L6_N018_b5p0	initial_L8_seed_pm0p02	scripts_interacting_qmc_ed_gce_prod_L8_found_mu_N46_allU_Up5small_beta_le10_20260713_manifests_gce_prod_L8_found_mu_spinHS_20260713_all.tsv	muL6Up5N18b5p0center
155	Up5	5.0	18	0.500000000000	5.0	0.200000000000	-3.178989277998	32	0.500000000000	-3.158989277998	m3p158989	0.02	plus_0p02	6	6	0.1	2000	10000	20	3	ccsd	/home/9pm/nUHubbard/runs/gce_mu_L6_L8seed_20260719/spinHS/Up5/Ntot018_n0.500000_b5p0_mum3p158989_plus_0p02	917000155	1907194155	Up5_L6_N018_b5p0	initial_L8_seed_pm0p02	scripts_interacting_qmc_ed_gce_prod_L8_found_mu_N46_allU_Up5small_beta_le10_20260713_manifests_gce_prod_L8_found_mu_spinHS_20260713_all.tsv	muL6Up5N18b5p0plus_0p02
156	Up5	5.0	18	0.500000000000	6.7	0.149253731343	-3.172548161098	32	0.500000000000	-3.192548161098	m3p192548	-0.02	minus_0p02	6	6	0.1	2000	10000	20	3	ccsd	/home/9pm/nUHubbard/runs/gce_mu_L6_L8seed_20260719/spinHS/Up5/Ntot018_n0.500000_b6p7_mum3p192548_minus_0p02	917000156	1907194156	Up5_L6_N018_b6p7	initial_L8_seed_pm0p02	scripts_interacting_qmc_ed_gce_prod_L8_found_mu_N46_allU_Up5small_beta_le10_20260713_manifests_gce_prod_L8_found_mu_spinHS_20260713_all.tsv	muL6Up5N18b6p7minus_0p02
157	Up5	5.0	18	0.500000000000	6.7	0.149253731343	-3.172548161098	32	0.500000000000	-3.172548161098	m3p172548	0.00	center	6	6	0.1	2000	10000	20	3	ccsd	/home/9pm/nUHubbard/runs/gce_mu_L6_L8seed_20260719/spinHS/Up5/Ntot018_n0.500000_b6p7_mum3p172548_center	917000157	1907194157	Up5_L6_N018_b6p7	initial_L8_seed_pm0p02	scripts_interacting_qmc_ed_gce_prod_L8_found_mu_N46_allU_Up5small_beta_le10_20260713_manifests_gce_prod_L8_found_mu_spinHS_20260713_all.tsv	muL6Up5N18b6p7center
158	Up5	5.0	18	0.500000000000	6.7	0.149253731343	-3.172548161098	32	0.500000000000	-3.152548161098	m3p152548	0.02	plus_0p02	6	6	0.1	2000	10000	20	3	ccsd	/home/9pm/nUHubbard/runs/gce_mu_L6_L8seed_20260719/spinHS/Up5/Ntot018_n0.500000_b6p7_mum3p152548_plus_0p02	917000158	1907194158	Up5_L6_N018_b6p7	initial_L8_seed_pm0p02	scripts_interacting_qmc_ed_gce_prod_L8_found_mu_N46_allU_Up5small_beta_le10_20260713_manifests_gce_prod_L8_found_mu_spinHS_20260713_all.tsv	muL6Up5N18b6p7plus_0p02
159	Up5	5.0	18	0.500000000000	10.0	0.100000000000	-3.163074633302	32	0.500000000000	-3.183074633302	m3p183075	-0.02	minus_0p02	6	6	0.1	2000	10000	20	3	ccsd	/home/9pm/nUHubbard/runs/gce_mu_L6_L8seed_20260719/spinHS/Up5/Ntot018_n0.500000_b10p0_mum3p183075_minus_0p02	917000159	1907194159	Up5_L6_N018_b10p0	initial_L8_seed_pm0p02	scripts_interacting_qmc_ed_gce_prod_L8_found_mu_N46_allU_Up5small_beta_le10_20260713_manifests_gce_prod_L8_found_mu_spinHS_20260713_all.tsv	muL6Up5N18b10p0minus_0p02
160	Up5	5.0	18	0.500000000000	10.0	0.100000000000	-3.163074633302	32	0.500000000000	-3.163074633302	m3p163075	0.00	center	6	6	0.1	2000	10000	20	3	ccsd	/home/9pm/nUHubbard/runs/gce_mu_L6_L8seed_20260719/spinHS/Up5/Ntot018_n0.500000_b10p0_mum3p163075_center	917000160	1907194160	Up5_L6_N018_b10p0	initial_L8_seed_pm0p02	scripts_interacting_qmc_ed_gce_prod_L8_found_mu_N46_allU_Up5small_beta_le10_20260713_manifests_gce_prod_L8_found_mu_spinHS_20260713_all.tsv	muL6Up5N18b10p0center
161	Up5	5.0	18	0.500000000000	10.0	0.100000000000	-3.163074633302	32	0.500000000000	-3.143074633302	m3p143075	0.02	plus_0p02	6	6	0.1	2000	10000	20	3	ccsd	/home/9pm/nUHubbard/runs/gce_mu_L6_L8seed_20260719/spinHS/Up5/Ntot018_n0.500000_b10p0_mum3p143075_plus_0p02	917000161	1907194161	Up5_L6_N018_b10p0	initial_L8_seed_pm0p02	scripts_interacting_qmc_ed_gce_prod_L8_found_mu_N46_allU_Up5small_beta_le10_20260713_manifests_gce_prod_L8_found_mu_spinHS_20260713_all.tsv	muL6Up5N18b10p0plus_0p02
162	Up5	5.0	26	0.722222222222	2.0	0.500000000000	-2.067791692997	46	0.718750000000	-2.087791692997	m2p087792	-0.02	minus_0p02	6	6	0.1	2000	10000	20	3	ccsd	/home/9pm/nUHubbard/runs/gce_mu_L6_L8seed_20260719/spinHS/Up5/Ntot026_n0.722222_b2p0_mum2p087792_minus_0p02	917000162	1907194162	Up5_L6_N026_b2p0	initial_L8_seed_pm0p02	scripts_interacting_qmc_ed_gce_prod_L8_Up5_N46_N56_found_mu_20260714_manifests_gce_prod_L8_Up5_N46_N56_found_mu_20260714_supplement_N46_b2p0_b2p2_b2p5_ccsd.tsv	muL6Up5N26b2p0minus_0p02
163	Up5	5.0	26	0.722222222222	2.0	0.500000000000	-2.067791692997	46	0.718750000000	-2.067791692997	m2p067792	0.00	center	6	6	0.1	2000	10000	20	3	ccsd	/home/9pm/nUHubbard/runs/gce_mu_L6_L8seed_20260719/spinHS/Up5/Ntot026_n0.722222_b2p0_mum2p067792_center	917000163	1907194163	Up5_L6_N026_b2p0	initial_L8_seed_pm0p02	scripts_interacting_qmc_ed_gce_prod_L8_Up5_N46_N56_found_mu_20260714_manifests_gce_prod_L8_Up5_N46_N56_found_mu_20260714_supplement_N46_b2p0_b2p2_b2p5_ccsd.tsv	muL6Up5N26b2p0center
164	Up5	5.0	26	0.722222222222	2.0	0.500000000000	-2.067791692997	46	0.718750000000	-2.047791692997	m2p047792	0.02	plus_0p02	6	6	0.1	2000	10000	20	3	ccsd	/home/9pm/nUHubbard/runs/gce_mu_L6_L8seed_20260719/spinHS/Up5/Ntot026_n0.722222_b2p0_mum2p047792_plus_0p02	917000164	1907194164	Up5_L6_N026_b2p0	initial_L8_seed_pm0p02	scripts_interacting_qmc_ed_gce_prod_L8_Up5_N46_N56_found_mu_20260714_manifests_gce_prod_L8_Up5_N46_N56_found_mu_20260714_supplement_N46_b2p0_b2p2_b2p5_ccsd.tsv	muL6Up5N26b2p0plus_0p02
165	Up5	5.0	26	0.722222222222	2.2	0.454545454545	-2.047800704269	46	0.718750000000	-2.067800704269	m2p067801	-0.02	minus_0p02	6	6	0.1	2000	10000	20	3	ccsd	/home/9pm/nUHubbard/runs/gce_mu_L6_L8seed_20260719/spinHS/Up5/Ntot026_n0.722222_b2p2_mum2p067801_minus_0p02	917000165	1907194165	Up5_L6_N026_b2p2	initial_L8_seed_pm0p02	scripts_interacting_qmc_ed_gce_prod_L8_Up5_N46_N56_found_mu_20260714_manifests_gce_prod_L8_Up5_N46_N56_found_mu_20260714_supplement_N46_b2p0_b2p2_b2p5_ccsd.tsv	muL6Up5N26b2p2minus_0p02
166	Up5	5.0	26	0.722222222222	2.2	0.454545454545	-2.047800704269	46	0.718750000000	-2.047800704269	m2p047801	0.00	center	6	6	0.1	2000	10000	20	3	ccsd	/home/9pm/nUHubbard/runs/gce_mu_L6_L8seed_20260719/spinHS/Up5/Ntot026_n0.722222_b2p2_mum2p047801_center	917000166	1907194166	Up5_L6_N026_b2p2	initial_L8_seed_pm0p02	scripts_interacting_qmc_ed_gce_prod_L8_Up5_N46_N56_found_mu_20260714_manifests_gce_prod_L8_Up5_N46_N56_found_mu_20260714_supplement_N46_b2p0_b2p2_b2p5_ccsd.tsv	muL6Up5N26b2p2center
167	Up5	5.0	26	0.722222222222	2.2	0.454545454545	-2.047800704269	46	0.718750000000	-2.027800704269	m2p027801	0.02	plus_0p02	6	6	0.1	2000	10000	20	3	ccsd	/home/9pm/nUHubbard/runs/gce_mu_L6_L8seed_20260719/spinHS/Up5/Ntot026_n0.722222_b2p2_mum2p027801_plus_0p02	917000167	1907194167	Up5_L6_N026_b2p2	initial_L8_seed_pm0p02	scripts_interacting_qmc_ed_gce_prod_L8_Up5_N46_N56_found_mu_20260714_manifests_gce_prod_L8_Up5_N46_N56_found_mu_20260714_supplement_N46_b2p0_b2p2_b2p5_ccsd.tsv	muL6Up5N26b2p2plus_0p02
168	Up5	5.0	26	0.722222222222	2.5	0.400000000000	-2.021798511060	46	0.718750000000	-2.041798511060	m2p041799	-0.02	minus_0p02	6	6	0.1	2000	10000	20	3	ccsd	/home/9pm/nUHubbard/runs/gce_mu_L6_L8seed_20260719/spinHS/Up5/Ntot026_n0.722222_b2p5_mum2p041799_minus_0p02	917000168	1907194168	Up5_L6_N026_b2p5	initial_L8_seed_pm0p02	scripts_interacting_qmc_ed_gce_prod_L8_Up5_N46_N56_found_mu_20260714_manifests_gce_prod_L8_Up5_N46_N56_found_mu_20260714_supplement_N46_b2p0_b2p2_b2p5_ccsd.tsv	muL6Up5N26b2p5minus_0p02
169	Up5	5.0	26	0.722222222222	2.5	0.400000000000	-2.021798511060	46	0.718750000000	-2.021798511060	m2p021799	0.00	center	6	6	0.1	2000	10000	20	3	ccsd	/home/9pm/nUHubbard/runs/gce_mu_L6_L8seed_20260719/spinHS/Up5/Ntot026_n0.722222_b2p5_mum2p021799_center	917000169	1907194169	Up5_L6_N026_b2p5	initial_L8_seed_pm0p02	scripts_interacting_qmc_ed_gce_prod_L8_Up5_N46_N56_found_mu_20260714_manifests_gce_prod_L8_Up5_N46_N56_found_mu_20260714_supplement_N46_b2p0_b2p2_b2p5_ccsd.tsv	muL6Up5N26b2p5center
170	Up5	5.0	26	0.722222222222	2.5	0.400000000000	-2.021798511060	46	0.718750000000	-2.001798511060	m2p001799	0.02	plus_0p02	6	6	0.1	2000	10000	20	3	ccsd	/home/9pm/nUHubbard/runs/gce_mu_L6_L8seed_20260719/spinHS/Up5/Ntot026_n0.722222_b2p5_mum2p001799_plus_0p02	917000170	1907194170	Up5_L6_N026_b2p5	initial_L8_seed_pm0p02	scripts_interacting_qmc_ed_gce_prod_L8_Up5_N46_N56_found_mu_20260714_manifests_gce_prod_L8_Up5_N46_N56_found_mu_20260714_supplement_N46_b2p0_b2p2_b2p5_ccsd.tsv	muL6Up5N26b2p5plus_0p02
171	Up5	5.0	26	0.722222222222	2.9	0.344827586207	-1.992811704072	46	0.718750000000	-2.012811704072	m2p012812	-0.02	minus_0p02	6	6	0.1	2000	10000	20	3	ccsd	/home/9pm/nUHubbard/runs/gce_mu_L6_L8seed_20260719/spinHS/Up5/Ntot026_n0.722222_b2p9_mum2p012812_minus_0p02	917000171	1907194171	Up5_L6_N026_b2p9	initial_L8_seed_pm0p02	scripts_interacting_qmc_ed_gce_prod_L8_Up5_N46_N56_found_mu_20260714_manifests_gce_prod_L8_Up5_N46_N56_found_mu_20260714_all.tsv	muL6Up5N26b2p9minus_0p02
172	Up5	5.0	26	0.722222222222	2.9	0.344827586207	-1.992811704072	46	0.718750000000	-1.992811704072	m1p992812	0.00	center	6	6	0.1	2000	10000	20	3	ccsd	/home/9pm/nUHubbard/runs/gce_mu_L6_L8seed_20260719/spinHS/Up5/Ntot026_n0.722222_b2p9_mum1p992812_center	917000172	1907194172	Up5_L6_N026_b2p9	initial_L8_seed_pm0p02	scripts_interacting_qmc_ed_gce_prod_L8_Up5_N46_N56_found_mu_20260714_manifests_gce_prod_L8_Up5_N46_N56_found_mu_20260714_all.tsv	muL6Up5N26b2p9center
173	Up5	5.0	26	0.722222222222	2.9	0.344827586207	-1.992811704072	46	0.718750000000	-1.972811704072	m1p972812	0.02	plus_0p02	6	6	0.1	2000	10000	20	3	ccsd	/home/9pm/nUHubbard/runs/gce_mu_L6_L8seed_20260719/spinHS/Up5/Ntot026_n0.722222_b2p9_mum1p972812_plus_0p02	917000173	1907194173	Up5_L6_N026_b2p9	initial_L8_seed_pm0p02	scripts_interacting_qmc_ed_gce_prod_L8_Up5_N46_N56_found_mu_20260714_manifests_gce_prod_L8_Up5_N46_N56_found_mu_20260714_all.tsv	muL6Up5N26b2p9plus_0p02
174	Up5	5.0	26	0.722222222222	3.3	0.303030303030	-1.968804438120	46	0.718750000000	-1.988804438120	m1p988804	-0.02	minus_0p02	6	6	0.1	2000	10000	20	3	ccsd	/home/9pm/nUHubbard/runs/gce_mu_L6_L8seed_20260719/spinHS/Up5/Ntot026_n0.722222_b3p3_mum1p988804_minus_0p02	917000174	1907194174	Up5_L6_N026_b3p3	initial_L8_seed_pm0p02	scripts_interacting_qmc_ed_gce_prod_L8_Up5_N46_N56_found_mu_20260714_manifests_gce_prod_L8_Up5_N46_N56_found_mu_20260714_all.tsv	muL6Up5N26b3p3minus_0p02
175	Up5	5.0	26	0.722222222222	3.3	0.303030303030	-1.968804438120	46	0.718750000000	-1.968804438120	m1p968804	0.00	center	6	6	0.1	2000	10000	20	3	ccsd	/home/9pm/nUHubbard/runs/gce_mu_L6_L8seed_20260719/spinHS/Up5/Ntot026_n0.722222_b3p3_mum1p968804_center	917000175	1907194175	Up5_L6_N026_b3p3	initial_L8_seed_pm0p02	scripts_interacting_qmc_ed_gce_prod_L8_Up5_N46_N56_found_mu_20260714_manifests_gce_prod_L8_Up5_N46_N56_found_mu_20260714_all.tsv	muL6Up5N26b3p3center
176	Up5	5.0	26	0.722222222222	3.3	0.303030303030	-1.968804438120	46	0.718750000000	-1.948804438120	m1p948804	0.02	plus_0p02	6	6	0.1	2000	10000	20	3	ccsd	/home/9pm/nUHubbard/runs/gce_mu_L6_L8seed_20260719/spinHS/Up5/Ntot026_n0.722222_b3p3_mum1p948804_plus_0p02	917000176	1907194176	Up5_L6_N026_b3p3	initial_L8_seed_pm0p02	scripts_interacting_qmc_ed_gce_prod_L8_Up5_N46_N56_found_mu_20260714_manifests_gce_prod_L8_Up5_N46_N56_found_mu_20260714_all.tsv	muL6Up5N26b3p3plus_0p02
177	Up5	5.0	26	0.722222222222	4.0	0.250000000000	-1.934699818744	46	0.718750000000	-1.954699818744	m1p954700	-0.02	minus_0p02	6	6	0.1	2000	10000	20	3	ccsd	/home/9pm/nUHubbard/runs/gce_mu_L6_L8seed_20260719/spinHS/Up5/Ntot026_n0.722222_b4p0_mum1p954700_minus_0p02	917000177	1907194177	Up5_L6_N026_b4p0	initial_L8_seed_pm0p02	scripts_interacting_qmc_ed_gce_prod_L8_Up5_N46_N56_found_mu_20260714_manifests_gce_prod_L8_Up5_N46_N56_found_mu_20260714_all.tsv	muL6Up5N26b4p0minus_0p02
178	Up5	5.0	26	0.722222222222	4.0	0.250000000000	-1.934699818744	46	0.718750000000	-1.934699818744	m1p934700	0.00	center	6	6	0.1	2000	10000	20	3	ccsd	/home/9pm/nUHubbard/runs/gce_mu_L6_L8seed_20260719/spinHS/Up5/Ntot026_n0.722222_b4p0_mum1p934700_center	917000178	1907194178	Up5_L6_N026_b4p0	initial_L8_seed_pm0p02	scripts_interacting_qmc_ed_gce_prod_L8_Up5_N46_N56_found_mu_20260714_manifests_gce_prod_L8_Up5_N46_N56_found_mu_20260714_all.tsv	muL6Up5N26b4p0center
179	Up5	5.0	26	0.722222222222	4.0	0.250000000000	-1.934699818744	46	0.718750000000	-1.914699818744	m1p914700	0.02	plus_0p02	6	6	0.1	2000	10000	20	3	ccsd	/home/9pm/nUHubbard/runs/gce_mu_L6_L8seed_20260719/spinHS/Up5/Ntot026_n0.722222_b4p0_mum1p914700_plus_0p02	917000179	1907194179	Up5_L6_N026_b4p0	initial_L8_seed_pm0p02	scripts_interacting_qmc_ed_gce_prod_L8_Up5_N46_N56_found_mu_20260714_manifests_gce_prod_L8_Up5_N46_N56_found_mu_20260714_all.tsv	muL6Up5N26b4p0plus_0p02
180	Up5	5.0	26	0.722222222222	5.0	0.200000000000	-1.894197943649	46	0.718750000000	-1.914197943649	m1p914198	-0.02	minus_0p02	6	6	0.1	2000	10000	20	3	ccsd	/home/9pm/nUHubbard/runs/gce_mu_L6_L8seed_20260719/spinHS/Up5/Ntot026_n0.722222_b5p0_mum1p914198_minus_0p02	917000180	1907194180	Up5_L6_N026_b5p0	initial_L8_seed_pm0p02	scripts_interacting_qmc_ed_gce_prod_L8_Up5_N46_N56_found_mu_20260714_manifests_gce_prod_L8_Up5_N46_N56_found_mu_20260714_all.tsv	muL6Up5N26b5p0minus_0p02
181	Up5	5.0	26	0.722222222222	5.0	0.200000000000	-1.894197943649	46	0.718750000000	-1.894197943649	m1p894198	0.00	center	6	6	0.1	2000	10000	20	3	ccsd	/home/9pm/nUHubbard/runs/gce_mu_L6_L8seed_20260719/spinHS/Up5/Ntot026_n0.722222_b5p0_mum1p894198_center	917000181	1907194181	Up5_L6_N026_b5p0	initial_L8_seed_pm0p02	scripts_interacting_qmc_ed_gce_prod_L8_Up5_N46_N56_found_mu_20260714_manifests_gce_prod_L8_Up5_N46_N56_found_mu_20260714_all.tsv	muL6Up5N26b5p0center
182	Up5	5.0	26	0.722222222222	5.0	0.200000000000	-1.894197943649	46	0.718750000000	-1.874197943649	m1p874198	0.02	plus_0p02	6	6	0.1	2000	10000	20	3	ccsd	/home/9pm/nUHubbard/runs/gce_mu_L6_L8seed_20260719/spinHS/Up5/Ntot026_n0.722222_b5p0_mum1p874198_plus_0p02	917000182	1907194182	Up5_L6_N026_b5p0	initial_L8_seed_pm0p02	scripts_interacting_qmc_ed_gce_prod_L8_Up5_N46_N56_found_mu_20260714_manifests_gce_prod_L8_Up5_N46_N56_found_mu_20260714_all.tsv	muL6Up5N26b5p0plus_0p02
183	Up5	5.0	26	0.722222222222	6.7	0.149253731343	-1.841785571820	46	0.718750000000	-1.861785571820	m1p861786	-0.02	minus_0p02	6	6	0.1	2000	10000	20	3	ccsd	/home/9pm/nUHubbard/runs/gce_mu_L6_L8seed_20260719/spinHS/Up5/Ntot026_n0.722222_b6p7_mum1p861786_minus_0p02	917000183	1907194183	Up5_L6_N026_b6p7	initial_L8_seed_pm0p02	scripts_interacting_qmc_ed_gce_prod_L8_Up5_N46_N56_found_mu_20260714_manifests_gce_prod_L8_Up5_N46_N56_found_mu_20260714_all.tsv	muL6Up5N26b6p7minus_0p02
184	Up5	5.0	26	0.722222222222	6.7	0.149253731343	-1.841785571820	46	0.718750000000	-1.841785571820	m1p841786	0.00	center	6	6	0.1	2000	10000	20	3	ccsd	/home/9pm/nUHubbard/runs/gce_mu_L6_L8seed_20260719/spinHS/Up5/Ntot026_n0.722222_b6p7_mum1p841786_center	917000184	1907194184	Up5_L6_N026_b6p7	initial_L8_seed_pm0p02	scripts_interacting_qmc_ed_gce_prod_L8_Up5_N46_N56_found_mu_20260714_manifests_gce_prod_L8_Up5_N46_N56_found_mu_20260714_all.tsv	muL6Up5N26b6p7center
185	Up5	5.0	26	0.722222222222	6.7	0.149253731343	-1.841785571820	46	0.718750000000	-1.821785571820	m1p821786	0.02	plus_0p02	6	6	0.1	2000	10000	20	3	ccsd	/home/9pm/nUHubbard/runs/gce_mu_L6_L8seed_20260719/spinHS/Up5/Ntot026_n0.722222_b6p7_mum1p821786_plus_0p02	917000185	1907194185	Up5_L6_N026_b6p7	initial_L8_seed_pm0p02	scripts_interacting_qmc_ed_gce_prod_L8_Up5_N46_N56_found_mu_20260714_manifests_gce_prod_L8_Up5_N46_N56_found_mu_20260714_all.tsv	muL6Up5N26b6p7plus_0p02
186	Up5	5.0	26	0.722222222222	10.0	0.100000000000	-1.940068543284	46	0.718750000000	-1.960068543284	m1p960069	-0.02	minus_0p02	6	6	0.1	2000	10000	20	3	ccsd	/home/9pm/nUHubbard/runs/gce_mu_L6_L8seed_20260719/spinHS/Up5/Ntot026_n0.722222_b10p0_mum1p960069_minus_0p02	917000186	1907194186	Up5_L6_N026_b10p0	initial_L8_seed_pm0p02	scripts_interacting_qmc_ed_gce_prod_L8_Up5_N46_N56_found_mu_20260714_manifests_gce_prod_L8_Up5_N46_N56_found_mu_20260714_all.tsv	muL6Up5N26b10p0minus_0p02
187	Up5	5.0	26	0.722222222222	10.0	0.100000000000	-1.940068543284	46	0.718750000000	-1.940068543284	m1p940069	0.00	center	6	6	0.1	2000	10000	20	3	ccsd	/home/9pm/nUHubbard/runs/gce_mu_L6_L8seed_20260719/spinHS/Up5/Ntot026_n0.722222_b10p0_mum1p940069_center	917000187	1907194187	Up5_L6_N026_b10p0	initial_L8_seed_pm0p02	scripts_interacting_qmc_ed_gce_prod_L8_Up5_N46_N56_found_mu_20260714_manifests_gce_prod_L8_Up5_N46_N56_found_mu_20260714_all.tsv	muL6Up5N26b10p0center
188	Up5	5.0	26	0.722222222222	10.0	0.100000000000	-1.940068543284	46	0.718750000000	-1.920068543284	m1p920069	0.02	plus_0p02	6	6	0.1	2000	10000	20	3	ccsd	/home/9pm/nUHubbard/runs/gce_mu_L6_L8seed_20260719/spinHS/Up5/Ntot026_n0.722222_b10p0_mum1p920069_plus_0p02	917000188	1907194188	Up5_L6_N026_b10p0	initial_L8_seed_pm0p02	scripts_interacting_qmc_ed_gce_prod_L8_Up5_N46_N56_found_mu_20260714_manifests_gce_prod_L8_Up5_N46_N56_found_mu_20260714_all.tsv	muL6Up5N26b10p0plus_0p02
189	Up5	5.0	32	0.888888888889	2.0	0.500000000000	-1.110990737077	56	0.875000000000	-1.130990737077	m1p130991	-0.02	minus_0p02	6	6	0.1	2000	10000	20	3	ccsd	/home/9pm/nUHubbard/runs/gce_mu_L6_L8seed_20260719/spinHS/Up5/Ntot032_n0.888889_b2p0_mum1p130991_minus_0p02	917000189	1907194189	Up5_L6_N032_b2p0	initial_L8_seed_pm0p02	scripts_interacting_qmc_ed_gce_prod_L8_Up5_N46_N56_found_mu_20260714_manifests_gce_prod_L8_Up5_N46_N56_found_mu_20260714_all.tsv	muL6Up5N32b2p0minus_0p02
190	Up5	5.0	32	0.888888888889	2.0	0.500000000000	-1.110990737077	56	0.875000000000	-1.110990737077	m1p110991	0.00	center	6	6	0.1	2000	10000	20	3	ccsd	/home/9pm/nUHubbard/runs/gce_mu_L6_L8seed_20260719/spinHS/Up5/Ntot032_n0.888889_b2p0_mum1p110991_center	917000190	1907194190	Up5_L6_N032_b2p0	initial_L8_seed_pm0p02	scripts_interacting_qmc_ed_gce_prod_L8_Up5_N46_N56_found_mu_20260714_manifests_gce_prod_L8_Up5_N46_N56_found_mu_20260714_all.tsv	muL6Up5N32b2p0center
191	Up5	5.0	32	0.888888888889	2.0	0.500000000000	-1.110990737077	56	0.875000000000	-1.090990737077	m1p090991	0.02	plus_0p02	6	6	0.1	2000	10000	20	3	ccsd	/home/9pm/nUHubbard/runs/gce_mu_L6_L8seed_20260719/spinHS/Up5/Ntot032_n0.888889_b2p0_mum1p090991_plus_0p02	917000191	1907194191	Up5_L6_N032_b2p0	initial_L8_seed_pm0p02	scripts_interacting_qmc_ed_gce_prod_L8_Up5_N46_N56_found_mu_20260714_manifests_gce_prod_L8_Up5_N46_N56_found_mu_20260714_all.tsv	muL6Up5N32b2p0plus_0p02
192	Up5	5.0	32	0.888888888889	2.2	0.454545454545	-1.111034127907	56	0.875000000000	-1.131034127907	m1p131034	-0.02	minus_0p02	6	6	0.1	2000	10000	20	3	ccsd	/home/9pm/nUHubbard/runs/gce_mu_L6_L8seed_20260719/spinHS/Up5/Ntot032_n0.888889_b2p2_mum1p131034_minus_0p02	917000192	1907194192	Up5_L6_N032_b2p2	initial_L8_seed_pm0p02	scripts_interacting_qmc_ed_gce_prod_L8_Up5_N46_N56_found_mu_20260714_manifests_gce_prod_L8_Up5_N46_N56_found_mu_20260714_all.tsv	muL6Up5N32b2p2minus_0p02
193	Up5	5.0	32	0.888888888889	2.2	0.454545454545	-1.111034127907	56	0.875000000000	-1.111034127907	m1p111034	0.00	center	6	6	0.1	2000	10000	20	3	ccsd	/home/9pm/nUHubbard/runs/gce_mu_L6_L8seed_20260719/spinHS/Up5/Ntot032_n0.888889_b2p2_mum1p111034_center	917000193	1907194193	Up5_L6_N032_b2p2	initial_L8_seed_pm0p02	scripts_interacting_qmc_ed_gce_prod_L8_Up5_N46_N56_found_mu_20260714_manifests_gce_prod_L8_Up5_N46_N56_found_mu_20260714_all.tsv	muL6Up5N32b2p2center
194	Up5	5.0	32	0.888888888889	2.2	0.454545454545	-1.111034127907	56	0.875000000000	-1.091034127907	m1p091034	0.02	plus_0p02	6	6	0.1	2000	10000	20	3	ccsd	/home/9pm/nUHubbard/runs/gce_mu_L6_L8seed_20260719/spinHS/Up5/Ntot032_n0.888889_b2p2_mum1p091034_plus_0p02	917000194	1907194194	Up5_L6_N032_b2p2	initial_L8_seed_pm0p02	scripts_interacting_qmc_ed_gce_prod_L8_Up5_N46_N56_found_mu_20260714_manifests_gce_prod_L8_Up5_N46_N56_found_mu_20260714_all.tsv	muL6Up5N32b2p2plus_0p02
195	Up5	5.0	32	0.888888888889	2.5	0.400000000000	-1.110819975307	56	0.875000000000	-1.130819975307	m1p130820	-0.02	minus_0p02	6	6	0.1	2000	10000	20	3	ccsd	/home/9pm/nUHubbard/runs/gce_mu_L6_L8seed_20260719/spinHS/Up5/Ntot032_n0.888889_b2p5_mum1p130820_minus_0p02	917000195	1907194195	Up5_L6_N032_b2p5	initial_L8_seed_pm0p02	scripts_interacting_qmc_ed_gce_prod_L8_Up5_N46_N56_found_mu_20260714_manifests_gce_prod_L8_Up5_N46_N56_found_mu_20260714_all.tsv	muL6Up5N32b2p5minus_0p02
196	Up5	5.0	32	0.888888888889	2.5	0.400000000000	-1.110819975307	56	0.875000000000	-1.110819975307	m1p110820	0.00	center	6	6	0.1	2000	10000	20	3	ccsd	/home/9pm/nUHubbard/runs/gce_mu_L6_L8seed_20260719/spinHS/Up5/Ntot032_n0.888889_b2p5_mum1p110820_center	917000196	1907194196	Up5_L6_N032_b2p5	initial_L8_seed_pm0p02	scripts_interacting_qmc_ed_gce_prod_L8_Up5_N46_N56_found_mu_20260714_manifests_gce_prod_L8_Up5_N46_N56_found_mu_20260714_all.tsv	muL6Up5N32b2p5center
197	Up5	5.0	32	0.888888888889	2.5	0.400000000000	-1.110819975307	56	0.875000000000	-1.090819975307	m1p090820	0.02	plus_0p02	6	6	0.1	2000	10000	20	3	ccsd	/home/9pm/nUHubbard/runs/gce_mu_L6_L8seed_20260719/spinHS/Up5/Ntot032_n0.888889_b2p5_mum1p090820_plus_0p02	917000197	1907194197	Up5_L6_N032_b2p5	initial_L8_seed_pm0p02	scripts_interacting_qmc_ed_gce_prod_L8_Up5_N46_N56_found_mu_20260714_manifests_gce_prod_L8_Up5_N46_N56_found_mu_20260714_all.tsv	muL6Up5N32b2p5plus_0p02
198	Up5	5.0	32	0.888888888889	2.9	0.344827586207	-1.109800115140	56	0.875000000000	-1.129800115140	m1p129800	-0.02	minus_0p02	6	6	0.1	2000	10000	20	3	ccsd	/home/9pm/nUHubbard/runs/gce_mu_L6_L8seed_20260719/spinHS/Up5/Ntot032_n0.888889_b2p9_mum1p129800_minus_0p02	917000198	1907194198	Up5_L6_N032_b2p9	initial_L8_seed_pm0p02	scripts_interacting_qmc_ed_gce_prod_L8_Up5_N46_N56_found_mu_20260714_manifests_gce_prod_L8_Up5_N46_N56_found_mu_20260714_all.tsv	muL6Up5N32b2p9minus_0p02
199	Up5	5.0	32	0.888888888889	2.9	0.344827586207	-1.109800115140	56	0.875000000000	-1.109800115140	m1p109800	0.00	center	6	6	0.1	2000	10000	20	3	ccsd	/home/9pm/nUHubbard/runs/gce_mu_L6_L8seed_20260719/spinHS/Up5/Ntot032_n0.888889_b2p9_mum1p109800_center	917000199	1907194199	Up5_L6_N032_b2p9	initial_L8_seed_pm0p02	scripts_interacting_qmc_ed_gce_prod_L8_Up5_N46_N56_found_mu_20260714_manifests_gce_prod_L8_Up5_N46_N56_found_mu_20260714_all.tsv	muL6Up5N32b2p9center
200	Up5	5.0	32	0.888888888889	2.9	0.344827586207	-1.109800115140	56	0.875000000000	-1.089800115140	m1p089800	0.02	plus_0p02	6	6	0.1	2000	10000	20	3	ccsd	/home/9pm/nUHubbard/runs/gce_mu_L6_L8seed_20260719/spinHS/Up5/Ntot032_n0.888889_b2p9_mum1p089800_plus_0p02	917000200	1907194200	Up5_L6_N032_b2p9	initial_L8_seed_pm0p02	scripts_interacting_qmc_ed_gce_prod_L8_Up5_N46_N56_found_mu_20260714_manifests_gce_prod_L8_Up5_N46_N56_found_mu_20260714_all.tsv	muL6Up5N32b2p9plus_0p02
201	Up5	5.0	32	0.888888888889	3.3	0.303030303030	-1.108326970283	56	0.875000000000	-1.128326970283	m1p128327	-0.02	minus_0p02	6	6	0.1	2000	10000	20	3	ccsd	/home/9pm/nUHubbard/runs/gce_mu_L6_L8seed_20260719/spinHS/Up5/Ntot032_n0.888889_b3p3_mum1p128327_minus_0p02	917000201	1907194201	Up5_L6_N032_b3p3	initial_L8_seed_pm0p02	scripts_interacting_qmc_ed_gce_prod_L8_Up5_N46_N56_found_mu_20260714_manifests_gce_prod_L8_Up5_N46_N56_found_mu_20260714_all.tsv	muL6Up5N32b3p3minus_0p02
202	Up5	5.0	32	0.888888888889	3.3	0.303030303030	-1.108326970283	56	0.875000000000	-1.108326970283	m1p108327	0.00	center	6	6	0.1	2000	10000	20	3	ccsd	/home/9pm/nUHubbard/runs/gce_mu_L6_L8seed_20260719/spinHS/Up5/Ntot032_n0.888889_b3p3_mum1p108327_center	917000202	1907194202	Up5_L6_N032_b3p3	initial_L8_seed_pm0p02	scripts_interacting_qmc_ed_gce_prod_L8_Up5_N46_N56_found_mu_20260714_manifests_gce_prod_L8_Up5_N46_N56_found_mu_20260714_all.tsv	muL6Up5N32b3p3center
203	Up5	5.0	32	0.888888888889	3.3	0.303030303030	-1.108326970283	56	0.875000000000	-1.088326970283	m1p088327	0.02	plus_0p02	6	6	0.1	2000	10000	20	3	ccsd	/home/9pm/nUHubbard/runs/gce_mu_L6_L8seed_20260719/spinHS/Up5/Ntot032_n0.888889_b3p3_mum1p088327_plus_0p02	917000203	1907194203	Up5_L6_N032_b3p3	initial_L8_seed_pm0p02	scripts_interacting_qmc_ed_gce_prod_L8_Up5_N46_N56_found_mu_20260714_manifests_gce_prod_L8_Up5_N46_N56_found_mu_20260714_all.tsv	muL6Up5N32b3p3plus_0p02
204	Up5	5.0	32	0.888888888889	4.0	0.250000000000	-1.105273513017	56	0.875000000000	-1.125273513017	m1p125274	-0.02	minus_0p02	6	6	0.1	2000	10000	20	3	ccsd	/home/9pm/nUHubbard/runs/gce_mu_L6_L8seed_20260719/spinHS/Up5/Ntot032_n0.888889_b4p0_mum1p125274_minus_0p02	917000204	1907194204	Up5_L6_N032_b4p0	initial_L8_seed_pm0p02	scripts_interacting_qmc_ed_gce_prod_L8_Up5_N46_N56_found_mu_20260714_manifests_gce_prod_L8_Up5_N46_N56_found_mu_20260714_all.tsv	muL6Up5N32b4p0minus_0p02
205	Up5	5.0	32	0.888888888889	4.0	0.250000000000	-1.105273513017	56	0.875000000000	-1.105273513017	m1p105274	0.00	center	6	6	0.1	2000	10000	20	3	ccsd	/home/9pm/nUHubbard/runs/gce_mu_L6_L8seed_20260719/spinHS/Up5/Ntot032_n0.888889_b4p0_mum1p105274_center	917000205	1907194205	Up5_L6_N032_b4p0	initial_L8_seed_pm0p02	scripts_interacting_qmc_ed_gce_prod_L8_Up5_N46_N56_found_mu_20260714_manifests_gce_prod_L8_Up5_N46_N56_found_mu_20260714_all.tsv	muL6Up5N32b4p0center
206	Up5	5.0	32	0.888888888889	4.0	0.250000000000	-1.105273513017	56	0.875000000000	-1.085273513017	m1p085274	0.02	plus_0p02	6	6	0.1	2000	10000	20	3	ccsd	/home/9pm/nUHubbard/runs/gce_mu_L6_L8seed_20260719/spinHS/Up5/Ntot032_n0.888889_b4p0_mum1p085274_plus_0p02	917000206	1907194206	Up5_L6_N032_b4p0	initial_L8_seed_pm0p02	scripts_interacting_qmc_ed_gce_prod_L8_Up5_N46_N56_found_mu_20260714_manifests_gce_prod_L8_Up5_N46_N56_found_mu_20260714_all.tsv	muL6Up5N32b4p0plus_0p02
207	Up5	5.0	32	0.888888888889	5.0	0.200000000000	-1.099525088820	56	0.875000000000	-1.119525088820	m1p119525	-0.02	minus_0p02	6	6	0.1	2000	10000	20	3	ccsd	/home/9pm/nUHubbard/runs/gce_mu_L6_L8seed_20260719/spinHS/Up5/Ntot032_n0.888889_b5p0_mum1p119525_minus_0p02	917000207	1907194207	Up5_L6_N032_b5p0	initial_L8_seed_pm0p02	scripts_interacting_qmc_ed_gce_prod_L8_Up5_N46_N56_found_mu_20260714_manifests_gce_prod_L8_Up5_N46_N56_found_mu_20260714_all.tsv	muL6Up5N32b5p0minus_0p02
208	Up5	5.0	32	0.888888888889	5.0	0.200000000000	-1.099525088820	56	0.875000000000	-1.099525088820	m1p099525	0.00	center	6	6	0.1	2000	10000	20	3	ccsd	/home/9pm/nUHubbard/runs/gce_mu_L6_L8seed_20260719/spinHS/Up5/Ntot032_n0.888889_b5p0_mum1p099525_center	917000208	1907194208	Up5_L6_N032_b5p0	initial_L8_seed_pm0p02	scripts_interacting_qmc_ed_gce_prod_L8_Up5_N46_N56_found_mu_20260714_manifests_gce_prod_L8_Up5_N46_N56_found_mu_20260714_all.tsv	muL6Up5N32b5p0center
209	Up5	5.0	32	0.888888888889	5.0	0.200000000000	-1.099525088820	56	0.875000000000	-1.079525088820	m1p079525	0.02	plus_0p02	6	6	0.1	2000	10000	20	3	ccsd	/home/9pm/nUHubbard/runs/gce_mu_L6_L8seed_20260719/spinHS/Up5/Ntot032_n0.888889_b5p0_mum1p079525_plus_0p02	917000209	1907194209	Up5_L6_N032_b5p0	initial_L8_seed_pm0p02	scripts_interacting_qmc_ed_gce_prod_L8_Up5_N46_N56_found_mu_20260714_manifests_gce_prod_L8_Up5_N46_N56_found_mu_20260714_all.tsv	muL6Up5N32b5p0plus_0p02
210	Up5	5.0	32	0.888888888889	6.7	0.149253731343	-1.202309588119	56	0.875000000000	-1.222309588119	m1p222310	-0.02	minus_0p02	6	6	0.1	2000	10000	20	3	ccsd	/home/9pm/nUHubbard/runs/gce_mu_L6_L8seed_20260719/spinHS/Up5/Ntot032_n0.888889_b6p7_mum1p222310_minus_0p02	917000210	1907194210	Up5_L6_N032_b6p7	initial_L8_seed_pm0p02	scripts_interacting_qmc_ed_gce_prod_L8_Up5_N46_N56_found_mu_20260714_manifests_gce_prod_L8_Up5_N46_N56_found_mu_20260714_all.tsv	muL6Up5N32b6p7minus_0p02
211	Up5	5.0	32	0.888888888889	6.7	0.149253731343	-1.202309588119	56	0.875000000000	-1.202309588119	m1p202310	0.00	center	6	6	0.1	2000	10000	20	3	ccsd	/home/9pm/nUHubbard/runs/gce_mu_L6_L8seed_20260719/spinHS/Up5/Ntot032_n0.888889_b6p7_mum1p202310_center	917000211	1907194211	Up5_L6_N032_b6p7	initial_L8_seed_pm0p02	scripts_interacting_qmc_ed_gce_prod_L8_Up5_N46_N56_found_mu_20260714_manifests_gce_prod_L8_Up5_N46_N56_found_mu_20260714_all.tsv	muL6Up5N32b6p7center
212	Up5	5.0	32	0.888888888889	6.7	0.149253731343	-1.202309588119	56	0.875000000000	-1.182309588119	m1p182310	0.02	plus_0p02	6	6	0.1	2000	10000	20	3	ccsd	/home/9pm/nUHubbard/runs/gce_mu_L6_L8seed_20260719/spinHS/Up5/Ntot032_n0.888889_b6p7_mum1p182310_plus_0p02	917000212	1907194212	Up5_L6_N032_b6p7	initial_L8_seed_pm0p02	scripts_interacting_qmc_ed_gce_prod_L8_Up5_N46_N56_found_mu_20260714_manifests_gce_prod_L8_Up5_N46_N56_found_mu_20260714_all.tsv	muL6Up5N32b6p7plus_0p02
213	Up5	5.0	32	0.888888888889	10.0	0.100000000000	-1.142490512340	56	0.875000000000	-1.162490512340	m1p162491	-0.02	minus_0p02	6	6	0.1	2000	10000	20	3	ccsd	/home/9pm/nUHubbard/runs/gce_mu_L6_L8seed_20260719/spinHS/Up5/Ntot032_n0.888889_b10p0_mum1p162491_minus_0p02	917000213	1907194213	Up5_L6_N032_b10p0	initial_L8_seed_pm0p02	scripts_interacting_qmc_ed_gce_prod_L8_Up5_N46_N56_found_mu_20260714_manifests_gce_prod_L8_Up5_N46_N56_found_mu_20260714_all.tsv	muL6Up5N32b10p0minus_0p02
214	Up5	5.0	32	0.888888888889	10.0	0.100000000000	-1.142490512340	56	0.875000000000	-1.142490512340	m1p142491	0.00	center	6	6	0.1	2000	10000	20	3	ccsd	/home/9pm/nUHubbard/runs/gce_mu_L6_L8seed_20260719/spinHS/Up5/Ntot032_n0.888889_b10p0_mum1p142491_center	917000214	1907194214	Up5_L6_N032_b10p0	initial_L8_seed_pm0p02	scripts_interacting_qmc_ed_gce_prod_L8_Up5_N46_N56_found_mu_20260714_manifests_gce_prod_L8_Up5_N46_N56_found_mu_20260714_all.tsv	muL6Up5N32b10p0center
215	Up5	5.0	32	0.888888888889	10.0	0.100000000000	-1.142490512340	56	0.875000000000	-1.122490512340	m1p122491	0.02	plus_0p02	6	6	0.1	2000	10000	20	3	ccsd	/home/9pm/nUHubbard/runs/gce_mu_L6_L8seed_20260719/spinHS/Up5/Ntot032_n0.888889_b10p0_mum1p122491_plus_0p02	917000215	1907194215	Up5_L6_N032_b10p0	initial_L8_seed_pm0p02	scripts_interacting_qmc_ed_gce_prod_L8_Up5_N46_N56_found_mu_20260714_manifests_gce_prod_L8_Up5_N46_N56_found_mu_20260714_all.tsv	muL6Up5N32b10p0plus_0p02
