idx	U_label	U	Ntot_target	target_density	beta	T	mu_L8_reference	L8_reference_Ntot	L8_reference_density	mu_probe	mu_label	probe_offset	probe_role	Lx	Ly	dtau	ntherm	nmeasurements	nbins	nupdates	account	out_parent	sid	seed	target_key	tuning_status	source_manifests	job_tag
0	Um5	-5.0	12	0.333333333333	2.0	0.500000000000	-1.100238292371	22	0.343750000000	-1.120238292371	m1p120238	-0.02	minus_0p02	6	6	0.1	2000	10000	20	3	ccsd	/home/9pm/nUHubbard/runs/gce_mu_L6_L8seed_20260719/attractive/Um5/Ntot012_n0.333333_b2p0_mum1p120238_minus_0p02	916000000	1907193000	Um5_L6_N012_b2p0	initial_L8_seed_pm0p02	scripts_interacting_qmc_ed_ce_gce_eqtime_L8_Um5_three_density_beta20_20260712_manifests_gce_prod_L8_Um5_three_density_all.tsv	muL6Um5N12b2p0minus_0p02
1	Um5	-5.0	12	0.333333333333	2.0	0.500000000000	-1.100238292371	22	0.343750000000	-1.100238292371	m1p100238	0.00	center	6	6	0.1	2000	10000	20	3	ccsd	/home/9pm/nUHubbard/runs/gce_mu_L6_L8seed_20260719/attractive/Um5/Ntot012_n0.333333_b2p0_mum1p100238_center	916000001	1907193001	Um5_L6_N012_b2p0	initial_L8_seed_pm0p02	scripts_interacting_qmc_ed_ce_gce_eqtime_L8_Um5_three_density_beta20_20260712_manifests_gce_prod_L8_Um5_three_density_all.tsv	muL6Um5N12b2p0center
2	Um5	-5.0	12	0.333333333333	2.0	0.500000000000	-1.100238292371	22	0.343750000000	-1.080238292371	m1p080238	0.02	plus_0p02	6	6	0.1	2000	10000	20	3	ccsd	/home/9pm/nUHubbard/runs/gce_mu_L6_L8seed_20260719/attractive/Um5/Ntot012_n0.333333_b2p0_mum1p080238_plus_0p02	916000002	1907193002	Um5_L6_N012_b2p0	initial_L8_seed_pm0p02	scripts_interacting_qmc_ed_ce_gce_eqtime_L8_Um5_three_density_beta20_20260712_manifests_gce_prod_L8_Um5_three_density_all.tsv	muL6Um5N12b2p0plus_0p02
3	Um5	-5.0	12	0.333333333333	2.2	0.454545454545	-1.074035442859	22	0.343750000000	-1.094035442859	m1p094035	-0.02	minus_0p02	6	6	0.1	2000	10000	20	3	ccsd	/home/9pm/nUHubbard/runs/gce_mu_L6_L8seed_20260719/attractive/Um5/Ntot012_n0.333333_b2p2_mum1p094035_minus_0p02	916000003	1907193003	Um5_L6_N012_b2p2	initial_L8_seed_pm0p02	scripts_interacting_qmc_ed_ce_gce_eqtime_L8_Um5_three_density_beta20_20260712_manifests_gce_prod_L8_Um5_three_density_all.tsv	muL6Um5N12b2p2minus_0p02
4	Um5	-5.0	12	0.333333333333	2.2	0.454545454545	-1.074035442859	22	0.343750000000	-1.074035442859	m1p074035	0.00	center	6	6	0.1	2000	10000	20	3	ccsd	/home/9pm/nUHubbard/runs/gce_mu_L6_L8seed_20260719/attractive/Um5/Ntot012_n0.333333_b2p2_mum1p074035_center	916000004	1907193004	Um5_L6_N012_b2p2	initial_L8_seed_pm0p02	scripts_interacting_qmc_ed_ce_gce_eqtime_L8_Um5_three_density_beta20_20260712_manifests_gce_prod_L8_Um5_three_density_all.tsv	muL6Um5N12b2p2center
5	Um5	-5.0	12	0.333333333333	2.2	0.454545454545	-1.074035442859	22	0.343750000000	-1.054035442859	m1p054035	0.02	plus_0p02	6	6	0.1	2000	10000	20	3	ccsd	/home/9pm/nUHubbard/runs/gce_mu_L6_L8seed_20260719/attractive/Um5/Ntot012_n0.333333_b2p2_mum1p054035_plus_0p02	916000005	1907193005	Um5_L6_N012_b2p2	initial_L8_seed_pm0p02	scripts_interacting_qmc_ed_ce_gce_eqtime_L8_Um5_three_density_beta20_20260712_manifests_gce_prod_L8_Um5_three_density_all.tsv	muL6Um5N12b2p2plus_0p02
6	Um5	-5.0	12	0.333333333333	2.5	0.400000000000	-1.044521406192	22	0.343750000000	-1.064521406192	m1p064521	-0.02	minus_0p02	6	6	0.1	2000	10000	20	3	ccsd	/home/9pm/nUHubbard/runs/gce_mu_L6_L8seed_20260719/attractive/Um5/Ntot012_n0.333333_b2p5_mum1p064521_minus_0p02	916000006	1907193006	Um5_L6_N012_b2p5	initial_L8_seed_pm0p02	scripts_interacting_qmc_ed_ce_gce_eqtime_L8_Um5_three_density_beta20_20260712_manifests_gce_prod_L8_Um5_three_density_all.tsv	muL6Um5N12b2p5minus_0p02
7	Um5	-5.0	12	0.333333333333	2.5	0.400000000000	-1.044521406192	22	0.343750000000	-1.044521406192	m1p044521	0.00	center	6	6	0.1	2000	10000	20	3	ccsd	/home/9pm/nUHubbard/runs/gce_mu_L6_L8seed_20260719/attractive/Um5/Ntot012_n0.333333_b2p5_mum1p044521_center	916000007	1907193007	Um5_L6_N012_b2p5	initial_L8_seed_pm0p02	scripts_interacting_qmc_ed_ce_gce_eqtime_L8_Um5_three_density_beta20_20260712_manifests_gce_prod_L8_Um5_three_density_all.tsv	muL6Um5N12b2p5center
8	Um5	-5.0	12	0.333333333333	2.5	0.400000000000	-1.044521406192	22	0.343750000000	-1.024521406192	m1p024521	0.02	plus_0p02	6	6	0.1	2000	10000	20	3	ccsd	/home/9pm/nUHubbard/runs/gce_mu_L6_L8seed_20260719/attractive/Um5/Ntot012_n0.333333_b2p5_mum1p024521_plus_0p02	916000008	1907193008	Um5_L6_N012_b2p5	initial_L8_seed_pm0p02	scripts_interacting_qmc_ed_ce_gce_eqtime_L8_Um5_three_density_beta20_20260712_manifests_gce_prod_L8_Um5_three_density_all.tsv	muL6Um5N12b2p5plus_0p02
9	Um5	-5.0	12	0.333333333333	2.9	0.344827586207	-1.017674271571	22	0.343750000000	-1.037674271571	m1p037674	-0.02	minus_0p02	6	6	0.1	2000	10000	20	3	ccsd	/home/9pm/nUHubbard/runs/gce_mu_L6_L8seed_20260719/attractive/Um5/Ntot012_n0.333333_b2p9_mum1p037674_minus_0p02	916000009	1907193009	Um5_L6_N012_b2p9	initial_L8_seed_pm0p02	scripts_interacting_qmc_ed_ce_gce_eqtime_L8_Um5_three_density_beta20_20260712_manifests_gce_prod_L8_Um5_three_density_all.tsv	muL6Um5N12b2p9minus_0p02
10	Um5	-5.0	12	0.333333333333	2.9	0.344827586207	-1.017674271571	22	0.343750000000	-1.017674271571	m1p017674	0.00	center	6	6	0.1	2000	10000	20	3	ccsd	/home/9pm/nUHubbard/runs/gce_mu_L6_L8seed_20260719/attractive/Um5/Ntot012_n0.333333_b2p9_mum1p017674_center	916000010	1907193010	Um5_L6_N012_b2p9	initial_L8_seed_pm0p02	scripts_interacting_qmc_ed_ce_gce_eqtime_L8_Um5_three_density_beta20_20260712_manifests_gce_prod_L8_Um5_three_density_all.tsv	muL6Um5N12b2p9center
11	Um5	-5.0	12	0.333333333333	2.9	0.344827586207	-1.017674271571	22	0.343750000000	-0.997674271571	m0p997674	0.02	plus_0p02	6	6	0.1	2000	10000	20	3	ccsd	/home/9pm/nUHubbard/runs/gce_mu_L6_L8seed_20260719/attractive/Um5/Ntot012_n0.333333_b2p9_mum0p997674_plus_0p02	916000011	1907193011	Um5_L6_N012_b2p9	initial_L8_seed_pm0p02	scripts_interacting_qmc_ed_ce_gce_eqtime_L8_Um5_three_density_beta20_20260712_manifests_gce_prod_L8_Um5_three_density_all.tsv	muL6Um5N12b2p9plus_0p02
12	Um5	-5.0	12	0.333333333333	3.3	0.303030303030	-0.999308721898	22	0.343750000000	-1.019308721898	m1p019309	-0.02	minus_0p02	6	6	0.1	2000	10000	20	3	ccsd	/home/9pm/nUHubbard/runs/gce_mu_L6_L8seed_20260719/attractive/Um5/Ntot012_n0.333333_b3p3_mum1p019309_minus_0p02	916000012	1907193012	Um5_L6_N012_b3p3	initial_L8_seed_pm0p02	scripts_interacting_qmc_ed_ce_gce_eqtime_L8_Um5_three_density_beta20_20260712_manifests_gce_prod_L8_Um5_three_density_all.tsv	muL6Um5N12b3p3minus_0p02
13	Um5	-5.0	12	0.333333333333	3.3	0.303030303030	-0.999308721898	22	0.343750000000	-0.999308721898	m0p999309	0.00	center	6	6	0.1	2000	10000	20	3	ccsd	/home/9pm/nUHubbard/runs/gce_mu_L6_L8seed_20260719/attractive/Um5/Ntot012_n0.333333_b3p3_mum0p999309_center	916000013	1907193013	Um5_L6_N012_b3p3	initial_L8_seed_pm0p02	scripts_interacting_qmc_ed_ce_gce_eqtime_L8_Um5_three_density_beta20_20260712_manifests_gce_prod_L8_Um5_three_density_all.tsv	muL6Um5N12b3p3center
14	Um5	-5.0	12	0.333333333333	3.3	0.303030303030	-0.999308721898	22	0.343750000000	-0.979308721898	m0p979309	0.02	plus_0p02	6	6	0.1	2000	10000	20	3	ccsd	/home/9pm/nUHubbard/runs/gce_mu_L6_L8seed_20260719/attractive/Um5/Ntot012_n0.333333_b3p3_mum0p979309_plus_0p02	916000014	1907193014	Um5_L6_N012_b3p3	initial_L8_seed_pm0p02	scripts_interacting_qmc_ed_ce_gce_eqtime_L8_Um5_three_density_beta20_20260712_manifests_gce_prod_L8_Um5_three_density_all.tsv	muL6Um5N12b3p3plus_0p02
15	Um5	-5.0	12	0.333333333333	4.0	0.250000000000	-0.979311997108	22	0.343750000000	-0.999311997108	m0p999312	-0.02	minus_0p02	6	6	0.1	2000	10000	20	3	ccsd	/home/9pm/nUHubbard/runs/gce_mu_L6_L8seed_20260719/attractive/Um5/Ntot012_n0.333333_b4p0_mum0p999312_minus_0p02	916000015	1907193015	Um5_L6_N012_b4p0	initial_L8_seed_pm0p02	scripts_interacting_qmc_ed_ce_gce_eqtime_L8_Um5_three_density_beta20_20260712_manifests_gce_prod_L8_Um5_three_density_all.tsv	muL6Um5N12b4p0minus_0p02
16	Um5	-5.0	12	0.333333333333	4.0	0.250000000000	-0.979311997108	22	0.343750000000	-0.979311997108	m0p979312	0.00	center	6	6	0.1	2000	10000	20	3	ccsd	/home/9pm/nUHubbard/runs/gce_mu_L6_L8seed_20260719/attractive/Um5/Ntot012_n0.333333_b4p0_mum0p979312_center	916000016	1907193016	Um5_L6_N012_b4p0	initial_L8_seed_pm0p02	scripts_interacting_qmc_ed_ce_gce_eqtime_L8_Um5_three_density_beta20_20260712_manifests_gce_prod_L8_Um5_three_density_all.tsv	muL6Um5N12b4p0center
17	Um5	-5.0	12	0.333333333333	4.0	0.250000000000	-0.979311997108	22	0.343750000000	-0.959311997108	m0p959312	0.02	plus_0p02	6	6	0.1	2000	10000	20	3	ccsd	/home/9pm/nUHubbard/runs/gce_mu_L6_L8seed_20260719/attractive/Um5/Ntot012_n0.333333_b4p0_mum0p959312_plus_0p02	916000017	1907193017	Um5_L6_N012_b4p0	initial_L8_seed_pm0p02	scripts_interacting_qmc_ed_ce_gce_eqtime_L8_Um5_three_density_beta20_20260712_manifests_gce_prod_L8_Um5_three_density_all.tsv	muL6Um5N12b4p0plus_0p02
18	Um5	-5.0	12	0.333333333333	5.0	0.200000000000	-0.965448380035	22	0.343750000000	-0.985448380035	m0p985448	-0.02	minus_0p02	6	6	0.1	2000	10000	20	3	ccsd	/home/9pm/nUHubbard/runs/gce_mu_L6_L8seed_20260719/attractive/Um5/Ntot012_n0.333333_b5p0_mum0p985448_minus_0p02	916000018	1907193018	Um5_L6_N012_b5p0	initial_L8_seed_pm0p02	scripts_interacting_qmc_ed_ce_gce_eqtime_L8_Um5_three_density_beta20_20260712_manifests_gce_prod_L8_Um5_three_density_all.tsv	muL6Um5N12b5p0minus_0p02
19	Um5	-5.0	12	0.333333333333	5.0	0.200000000000	-0.965448380035	22	0.343750000000	-0.965448380035	m0p965448	0.00	center	6	6	0.1	2000	10000	20	3	ccsd	/home/9pm/nUHubbard/runs/gce_mu_L6_L8seed_20260719/attractive/Um5/Ntot012_n0.333333_b5p0_mum0p965448_center	916000019	1907193019	Um5_L6_N012_b5p0	initial_L8_seed_pm0p02	scripts_interacting_qmc_ed_ce_gce_eqtime_L8_Um5_three_density_beta20_20260712_manifests_gce_prod_L8_Um5_three_density_all.tsv	muL6Um5N12b5p0center
20	Um5	-5.0	12	0.333333333333	5.0	0.200000000000	-0.965448380035	22	0.343750000000	-0.945448380035	m0p945448	0.02	plus_0p02	6	6	0.1	2000	10000	20	3	ccsd	/home/9pm/nUHubbard/runs/gce_mu_L6_L8seed_20260719/attractive/Um5/Ntot012_n0.333333_b5p0_mum0p945448_plus_0p02	916000020	1907193020	Um5_L6_N012_b5p0	initial_L8_seed_pm0p02	scripts_interacting_qmc_ed_ce_gce_eqtime_L8_Um5_three_density_beta20_20260712_manifests_gce_prod_L8_Um5_three_density_all.tsv	muL6Um5N12b5p0plus_0p02
21	Um5	-5.0	12	0.333333333333	6.7	0.149253731343	-0.961905774706	22	0.343750000000	-0.981905774706	m0p981906	-0.02	minus_0p02	6	6	0.1	2000	10000	20	3	ccsd	/home/9pm/nUHubbard/runs/gce_mu_L6_L8seed_20260719/attractive/Um5/Ntot012_n0.333333_b6p7_mum0p981906_minus_0p02	916000021	1907193021	Um5_L6_N012_b6p7	initial_L8_seed_pm0p02	scripts_interacting_qmc_ed_ce_gce_eqtime_L8_Um5_three_density_beta20_20260712_manifests_gce_prod_L8_Um5_three_density_all.tsv	muL6Um5N12b6p7minus_0p02
22	Um5	-5.0	12	0.333333333333	6.7	0.149253731343	-0.961905774706	22	0.343750000000	-0.961905774706	m0p961906	0.00	center	6	6	0.1	2000	10000	20	3	ccsd	/home/9pm/nUHubbard/runs/gce_mu_L6_L8seed_20260719/attractive/Um5/Ntot012_n0.333333_b6p7_mum0p961906_center	916000022	1907193022	Um5_L6_N012_b6p7	initial_L8_seed_pm0p02	scripts_interacting_qmc_ed_ce_gce_eqtime_L8_Um5_three_density_beta20_20260712_manifests_gce_prod_L8_Um5_three_density_all.tsv	muL6Um5N12b6p7center
23	Um5	-5.0	12	0.333333333333	6.7	0.149253731343	-0.961905774706	22	0.343750000000	-0.941905774706	m0p941906	0.02	plus_0p02	6	6	0.1	2000	10000	20	3	ccsd	/home/9pm/nUHubbard/runs/gce_mu_L6_L8seed_20260719/attractive/Um5/Ntot012_n0.333333_b6p7_mum0p941906_plus_0p02	916000023	1907193023	Um5_L6_N012_b6p7	initial_L8_seed_pm0p02	scripts_interacting_qmc_ed_ce_gce_eqtime_L8_Um5_three_density_beta20_20260712_manifests_gce_prod_L8_Um5_three_density_all.tsv	muL6Um5N12b6p7plus_0p02
24	Um5	-5.0	12	0.333333333333	10.0	0.100000000000	-0.962119438542	22	0.343750000000	-0.982119438542	m0p982119	-0.02	minus_0p02	6	6	0.1	2000	10000	20	3	ccsd	/home/9pm/nUHubbard/runs/gce_mu_L6_L8seed_20260719/attractive/Um5/Ntot012_n0.333333_b10p0_mum0p982119_minus_0p02	916000024	1907193024	Um5_L6_N012_b10p0	initial_L8_seed_pm0p02	scripts_interacting_qmc_ed_ce_gce_eqtime_L8_Um5_three_density_beta20_20260712_manifests_gce_prod_L8_Um5_three_density_all.tsv	muL6Um5N12b10p0minus_0p02
25	Um5	-5.0	12	0.333333333333	10.0	0.100000000000	-0.962119438542	22	0.343750000000	-0.962119438542	m0p962119	0.00	center	6	6	0.1	2000	10000	20	3	ccsd	/home/9pm/nUHubbard/runs/gce_mu_L6_L8seed_20260719/attractive/Um5/Ntot012_n0.333333_b10p0_mum0p962119_center	916000025	1907193025	Um5_L6_N012_b10p0	initial_L8_seed_pm0p02	scripts_interacting_qmc_ed_ce_gce_eqtime_L8_Um5_three_density_beta20_20260712_manifests_gce_prod_L8_Um5_three_density_all.tsv	muL6Um5N12b10p0center
26	Um5	-5.0	12	0.333333333333	10.0	0.100000000000	-0.962119438542	22	0.343750000000	-0.942119438542	m0p942119	0.02	plus_0p02	6	6	0.1	2000	10000	20	3	ccsd	/home/9pm/nUHubbard/runs/gce_mu_L6_L8seed_20260719/attractive/Um5/Ntot012_n0.333333_b10p0_mum0p942119_plus_0p02	916000026	1907193026	Um5_L6_N012_b10p0	initial_L8_seed_pm0p02	scripts_interacting_qmc_ed_ce_gce_eqtime_L8_Um5_three_density_beta20_20260712_manifests_gce_prod_L8_Um5_three_density_all.tsv	muL6Um5N12b10p0plus_0p02
27	Um5	-5.0	12	0.333333333333	20.0	0.050000000000	-0.959652287530	22	0.343750000000	-0.979652287530	m0p979652	-0.02	minus_0p02	6	6	0.1	2000	10000	20	3	ccsd	/home/9pm/nUHubbard/runs/gce_mu_L6_L8seed_20260719/attractive/Um5/Ntot012_n0.333333_b20p0_mum0p979652_minus_0p02	916000027	1907193027	Um5_L6_N012_b20p0	initial_L8_seed_pm0p02	scripts_interacting_qmc_ed_ce_gce_eqtime_L8_Um5_three_density_beta20_20260712_manifests_gce_prod_L8_Um5_three_density_all.tsv	muL6Um5N12b20p0minus_0p02
28	Um5	-5.0	12	0.333333333333	20.0	0.050000000000	-0.959652287530	22	0.343750000000	-0.959652287530	m0p959652	0.00	center	6	6	0.1	2000	10000	20	3	ccsd	/home/9pm/nUHubbard/runs/gce_mu_L6_L8seed_20260719/attractive/Um5/Ntot012_n0.333333_b20p0_mum0p959652_center	916000028	1907193028	Um5_L6_N012_b20p0	initial_L8_seed_pm0p02	scripts_interacting_qmc_ed_ce_gce_eqtime_L8_Um5_three_density_beta20_20260712_manifests_gce_prod_L8_Um5_three_density_all.tsv	muL6Um5N12b20p0center
29	Um5	-5.0	12	0.333333333333	20.0	0.050000000000	-0.959652287530	22	0.343750000000	-0.939652287530	m0p939652	0.02	plus_0p02	6	6	0.1	2000	10000	20	3	ccsd	/home/9pm/nUHubbard/runs/gce_mu_L6_L8seed_20260719/attractive/Um5/Ntot012_n0.333333_b20p0_mum0p939652_plus_0p02	916000029	1907193029	Um5_L6_N012_b20p0	initial_L8_seed_pm0p02	scripts_interacting_qmc_ed_ce_gce_eqtime_L8_Um5_three_density_beta20_20260712_manifests_gce_prod_L8_Um5_three_density_all.tsv	muL6Um5N12b20p0plus_0p02
30	Um5	-5.0	18	0.500000000000	2.0	0.500000000000	-0.784441768957	32	0.500000000000	-0.804441768957	m0p804442	-0.02	minus_0p02	6	6	0.1	2000	10000	20	3	ccsd	/home/9pm/nUHubbard/runs/gce_mu_L6_L8seed_20260719/attractive/Um5/Ntot018_n0.500000_b2p0_mum0p804442_minus_0p02	916000030	1907193030	Um5_L6_N018_b2p0	initial_L8_seed_pm0p02	scripts_interacting_qmc_ed_ce_gce_eqtime_L8_Um5_N32_beta_grid_20260710_manifests_gce_prod_L8_Um5_N32_all.tsv	muL6Um5N18b2p0minus_0p02
31	Um5	-5.0	18	0.500000000000	2.0	0.500000000000	-0.784441768957	32	0.500000000000	-0.784441768957	m0p784442	0.00	center	6	6	0.1	2000	10000	20	3	ccsd	/home/9pm/nUHubbard/runs/gce_mu_L6_L8seed_20260719/attractive/Um5/Ntot018_n0.500000_b2p0_mum0p784442_center	916000031	1907193031	Um5_L6_N018_b2p0	initial_L8_seed_pm0p02	scripts_interacting_qmc_ed_ce_gce_eqtime_L8_Um5_N32_beta_grid_20260710_manifests_gce_prod_L8_Um5_N32_all.tsv	muL6Um5N18b2p0center
32	Um5	-5.0	18	0.500000000000	2.0	0.500000000000	-0.784441768957	32	0.500000000000	-0.764441768957	m0p764442	0.02	plus_0p02	6	6	0.1	2000	10000	20	3	ccsd	/home/9pm/nUHubbard/runs/gce_mu_L6_L8seed_20260719/attractive/Um5/Ntot018_n0.500000_b2p0_mum0p764442_plus_0p02	916000032	1907193032	Um5_L6_N018_b2p0	initial_L8_seed_pm0p02	scripts_interacting_qmc_ed_ce_gce_eqtime_L8_Um5_N32_beta_grid_20260710_manifests_gce_prod_L8_Um5_N32_all.tsv	muL6Um5N18b2p0plus_0p02
33	Um5	-5.0	18	0.500000000000	2.2	0.454545454545	-0.764002194788	32	0.500000000000	-0.784002194788	m0p784002	-0.02	minus_0p02	6	6	0.1	2000	10000	20	3	ccsd	/home/9pm/nUHubbard/runs/gce_mu_L6_L8seed_20260719/attractive/Um5/Ntot018_n0.500000_b2p2_mum0p784002_minus_0p02	916000033	1907193033	Um5_L6_N018_b2p2	initial_L8_seed_pm0p02	scripts_interacting_qmc_ed_ce_gce_eqtime_L8_Um5_N32_beta_grid_20260710_manifests_gce_prod_L8_Um5_N32_all.tsv	muL6Um5N18b2p2minus_0p02
34	Um5	-5.0	18	0.500000000000	2.2	0.454545454545	-0.764002194788	32	0.500000000000	-0.764002194788	m0p764002	0.00	center	6	6	0.1	2000	10000	20	3	ccsd	/home/9pm/nUHubbard/runs/gce_mu_L6_L8seed_20260719/attractive/Um5/Ntot018_n0.500000_b2p2_mum0p764002_center	916000034	1907193034	Um5_L6_N018_b2p2	initial_L8_seed_pm0p02	scripts_interacting_qmc_ed_ce_gce_eqtime_L8_Um5_N32_beta_grid_20260710_manifests_gce_prod_L8_Um5_N32_all.tsv	muL6Um5N18b2p2center
35	Um5	-5.0	18	0.500000000000	2.2	0.454545454545	-0.764002194788	32	0.500000000000	-0.744002194788	m0p744002	0.02	plus_0p02	6	6	0.1	2000	10000	20	3	ccsd	/home/9pm/nUHubbard/runs/gce_mu_L6_L8seed_20260719/attractive/Um5/Ntot018_n0.500000_b2p2_mum0p744002_plus_0p02	916000035	1907193035	Um5_L6_N018_b2p2	initial_L8_seed_pm0p02	scripts_interacting_qmc_ed_ce_gce_eqtime_L8_Um5_N32_beta_grid_20260710_manifests_gce_prod_L8_Um5_N32_all.tsv	muL6Um5N18b2p2plus_0p02
36	Um5	-5.0	18	0.500000000000	2.5	0.400000000000	-0.741092014715	32	0.500000000000	-0.761092014715	m0p761092	-0.02	minus_0p02	6	6	0.1	2000	10000	20	3	ccsd	/home/9pm/nUHubbard/runs/gce_mu_L6_L8seed_20260719/attractive/Um5/Ntot018_n0.500000_b2p5_mum0p761092_minus_0p02	916000036	1907193036	Um5_L6_N018_b2p5	initial_L8_seed_pm0p02	scripts_interacting_qmc_ed_ce_gce_eqtime_L8_Um5_N32_beta_grid_20260710_manifests_gce_prod_L8_Um5_N32_all.tsv	muL6Um5N18b2p5minus_0p02
37	Um5	-5.0	18	0.500000000000	2.5	0.400000000000	-0.741092014715	32	0.500000000000	-0.741092014715	m0p741092	0.00	center	6	6	0.1	2000	10000	20	3	ccsd	/home/9pm/nUHubbard/runs/gce_mu_L6_L8seed_20260719/attractive/Um5/Ntot018_n0.500000_b2p5_mum0p741092_center	916000037	1907193037	Um5_L6_N018_b2p5	initial_L8_seed_pm0p02	scripts_interacting_qmc_ed_ce_gce_eqtime_L8_Um5_N32_beta_grid_20260710_manifests_gce_prod_L8_Um5_N32_all.tsv	muL6Um5N18b2p5center
38	Um5	-5.0	18	0.500000000000	2.5	0.400000000000	-0.741092014715	32	0.500000000000	-0.721092014715	m0p721092	0.02	plus_0p02	6	6	0.1	2000	10000	20	3	ccsd	/home/9pm/nUHubbard/runs/gce_mu_L6_L8seed_20260719/attractive/Um5/Ntot018_n0.500000_b2p5_mum0p721092_plus_0p02	916000038	1907193038	Um5_L6_N018_b2p5	initial_L8_seed_pm0p02	scripts_interacting_qmc_ed_ce_gce_eqtime_L8_Um5_N32_beta_grid_20260710_manifests_gce_prod_L8_Um5_N32_all.tsv	muL6Um5N18b2p5plus_0p02
39	Um5	-5.0	18	0.500000000000	2.9	0.344827586207	-0.720134836299	32	0.500000000000	-0.740134836299	m0p740135	-0.02	minus_0p02	6	6	0.1	2000	10000	20	3	ccsd	/home/9pm/nUHubbard/runs/gce_mu_L6_L8seed_20260719/attractive/Um5/Ntot018_n0.500000_b2p9_mum0p740135_minus_0p02	916000039	1907193039	Um5_L6_N018_b2p9	initial_L8_seed_pm0p02	scripts_interacting_qmc_ed_ce_gce_eqtime_L8_Um5_N32_beta_grid_20260710_manifests_gce_prod_L8_Um5_N32_all.tsv	muL6Um5N18b2p9minus_0p02
40	Um5	-5.0	18	0.500000000000	2.9	0.344827586207	-0.720134836299	32	0.500000000000	-0.720134836299	m0p720135	0.00	center	6	6	0.1	2000	10000	20	3	ccsd	/home/9pm/nUHubbard/runs/gce_mu_L6_L8seed_20260719/attractive/Um5/Ntot018_n0.500000_b2p9_mum0p720135_center	916000040	1907193040	Um5_L6_N018_b2p9	initial_L8_seed_pm0p02	scripts_interacting_qmc_ed_ce_gce_eqtime_L8_Um5_N32_beta_grid_20260710_manifests_gce_prod_L8_Um5_N32_all.tsv	muL6Um5N18b2p9center
41	Um5	-5.0	18	0.500000000000	2.9	0.344827586207	-0.720134836299	32	0.500000000000	-0.700134836299	m0p700135	0.02	plus_0p02	6	6	0.1	2000	10000	20	3	ccsd	/home/9pm/nUHubbard/runs/gce_mu_L6_L8seed_20260719/attractive/Um5/Ntot018_n0.500000_b2p9_mum0p700135_plus_0p02	916000041	1907193041	Um5_L6_N018_b2p9	initial_L8_seed_pm0p02	scripts_interacting_qmc_ed_ce_gce_eqtime_L8_Um5_N32_beta_grid_20260710_manifests_gce_prod_L8_Um5_N32_all.tsv	muL6Um5N18b2p9plus_0p02
42	Um5	-5.0	18	0.500000000000	3.3	0.303030303030	-0.705852162058	32	0.500000000000	-0.725852162058	m0p725852	-0.02	minus_0p02	6	6	0.1	2000	10000	20	3	ccsd	/home/9pm/nUHubbard/runs/gce_mu_L6_L8seed_20260719/attractive/Um5/Ntot018_n0.500000_b3p3_mum0p725852_minus_0p02	916000042	1907193042	Um5_L6_N018_b3p3	initial_L8_seed_pm0p02	scripts_interacting_qmc_ed_ce_gce_eqtime_L8_Um5_N32_beta_grid_20260710_manifests_gce_prod_L8_Um5_N32_all.tsv	muL6Um5N18b3p3minus_0p02
43	Um5	-5.0	18	0.500000000000	3.3	0.303030303030	-0.705852162058	32	0.500000000000	-0.705852162058	m0p705852	0.00	center	6	6	0.1	2000	10000	20	3	ccsd	/home/9pm/nUHubbard/runs/gce_mu_L6_L8seed_20260719/attractive/Um5/Ntot018_n0.500000_b3p3_mum0p705852_center	916000043	1907193043	Um5_L6_N018_b3p3	initial_L8_seed_pm0p02	scripts_interacting_qmc_ed_ce_gce_eqtime_L8_Um5_N32_beta_grid_20260710_manifests_gce_prod_L8_Um5_N32_all.tsv	muL6Um5N18b3p3center
44	Um5	-5.0	18	0.500000000000	3.3	0.303030303030	-0.705852162058	32	0.500000000000	-0.685852162058	m0p685852	0.02	plus_0p02	6	6	0.1	2000	10000	20	3	ccsd	/home/9pm/nUHubbard/runs/gce_mu_L6_L8seed_20260719/attractive/Um5/Ntot018_n0.500000_b3p3_mum0p685852_plus_0p02	916000044	1907193044	Um5_L6_N018_b3p3	initial_L8_seed_pm0p02	scripts_interacting_qmc_ed_ce_gce_eqtime_L8_Um5_N32_beta_grid_20260710_manifests_gce_prod_L8_Um5_N32_all.tsv	muL6Um5N18b3p3plus_0p02
45	Um5	-5.0	18	0.500000000000	4.0	0.250000000000	-0.692002472583	32	0.500000000000	-0.712002472583	m0p712002	-0.02	minus_0p02	6	6	0.1	2000	10000	20	3	ccsd	/home/9pm/nUHubbard/runs/gce_mu_L6_L8seed_20260719/attractive/Um5/Ntot018_n0.500000_b4p0_mum0p712002_minus_0p02	916000045	1907193045	Um5_L6_N018_b4p0	initial_L8_seed_pm0p02	scripts_interacting_qmc_ed_ce_gce_eqtime_L8_Um5_N32_beta_grid_20260710_manifests_gce_prod_L8_Um5_N32_all.tsv	muL6Um5N18b4p0minus_0p02
46	Um5	-5.0	18	0.500000000000	4.0	0.250000000000	-0.692002472583	32	0.500000000000	-0.692002472583	m0p692002	0.00	center	6	6	0.1	2000	10000	20	3	ccsd	/home/9pm/nUHubbard/runs/gce_mu_L6_L8seed_20260719/attractive/Um5/Ntot018_n0.500000_b4p0_mum0p692002_center	916000046	1907193046	Um5_L6_N018_b4p0	initial_L8_seed_pm0p02	scripts_interacting_qmc_ed_ce_gce_eqtime_L8_Um5_N32_beta_grid_20260710_manifests_gce_prod_L8_Um5_N32_all.tsv	muL6Um5N18b4p0center
47	Um5	-5.0	18	0.500000000000	4.0	0.250000000000	-0.692002472583	32	0.500000000000	-0.672002472583	m0p672002	0.02	plus_0p02	6	6	0.1	2000	10000	20	3	ccsd	/home/9pm/nUHubbard/runs/gce_mu_L6_L8seed_20260719/attractive/Um5/Ntot018_n0.500000_b4p0_mum0p672002_plus_0p02	916000047	1907193047	Um5_L6_N018_b4p0	initial_L8_seed_pm0p02	scripts_interacting_qmc_ed_ce_gce_eqtime_L8_Um5_N32_beta_grid_20260710_manifests_gce_prod_L8_Um5_N32_all.tsv	muL6Um5N18b4p0plus_0p02
48	Um5	-5.0	18	0.500000000000	5.0	0.200000000000	-0.687412791970	32	0.500000000000	-0.707412791970	m0p707413	-0.02	minus_0p02	6	6	0.1	2000	10000	20	3	ccsd	/home/9pm/nUHubbard/runs/gce_mu_L6_L8seed_20260719/attractive/Um5/Ntot018_n0.500000_b5p0_mum0p707413_minus_0p02	916000048	1907193048	Um5_L6_N018_b5p0	initial_L8_seed_pm0p02	scripts_interacting_qmc_ed_ce_gce_eqtime_L8_Um5_N32_beta_grid_20260710_manifests_gce_prod_L8_Um5_N32_all.tsv	muL6Um5N18b5p0minus_0p02
49	Um5	-5.0	18	0.500000000000	5.0	0.200000000000	-0.687412791970	32	0.500000000000	-0.687412791970	m0p687413	0.00	center	6	6	0.1	2000	10000	20	3	ccsd	/home/9pm/nUHubbard/runs/gce_mu_L6_L8seed_20260719/attractive/Um5/Ntot018_n0.500000_b5p0_mum0p687413_center	916000049	1907193049	Um5_L6_N018_b5p0	initial_L8_seed_pm0p02	scripts_interacting_qmc_ed_ce_gce_eqtime_L8_Um5_N32_beta_grid_20260710_manifests_gce_prod_L8_Um5_N32_all.tsv	muL6Um5N18b5p0center
50	Um5	-5.0	18	0.500000000000	5.0	0.200000000000	-0.687412791970	32	0.500000000000	-0.667412791970	m0p667413	0.02	plus_0p02	6	6	0.1	2000	10000	20	3	ccsd	/home/9pm/nUHubbard/runs/gce_mu_L6_L8seed_20260719/attractive/Um5/Ntot018_n0.500000_b5p0_mum0p667413_plus_0p02	916000050	1907193050	Um5_L6_N018_b5p0	initial_L8_seed_pm0p02	scripts_interacting_qmc_ed_ce_gce_eqtime_L8_Um5_N32_beta_grid_20260710_manifests_gce_prod_L8_Um5_N32_all.tsv	muL6Um5N18b5p0plus_0p02
51	Um5	-5.0	18	0.500000000000	6.7	0.149253731343	-0.687498702279	32	0.500000000000	-0.707498702279	m0p707499	-0.02	minus_0p02	6	6	0.1	2000	10000	20	3	ccsd	/home/9pm/nUHubbard/runs/gce_mu_L6_L8seed_20260719/attractive/Um5/Ntot018_n0.500000_b6p7_mum0p707499_minus_0p02	916000051	1907193051	Um5_L6_N018_b6p7	initial_L8_seed_pm0p02	scripts_interacting_qmc_ed_ce_gce_eqtime_L8_Um5_N32_beta_grid_20260710_manifests_gce_prod_L8_Um5_N32_all.tsv	muL6Um5N18b6p7minus_0p02
52	Um5	-5.0	18	0.500000000000	6.7	0.149253731343	-0.687498702279	32	0.500000000000	-0.687498702279	m0p687499	0.00	center	6	6	0.1	2000	10000	20	3	ccsd	/home/9pm/nUHubbard/runs/gce_mu_L6_L8seed_20260719/attractive/Um5/Ntot018_n0.500000_b6p7_mum0p687499_center	916000052	1907193052	Um5_L6_N018_b6p7	initial_L8_seed_pm0p02	scripts_interacting_qmc_ed_ce_gce_eqtime_L8_Um5_N32_beta_grid_20260710_manifests_gce_prod_L8_Um5_N32_all.tsv	muL6Um5N18b6p7center
53	Um5	-5.0	18	0.500000000000	6.7	0.149253731343	-0.687498702279	32	0.500000000000	-0.667498702279	m0p667499	0.02	plus_0p02	6	6	0.1	2000	10000	20	3	ccsd	/home/9pm/nUHubbard/runs/gce_mu_L6_L8seed_20260719/attractive/Um5/Ntot018_n0.500000_b6p7_mum0p667499_plus_0p02	916000053	1907193053	Um5_L6_N018_b6p7	initial_L8_seed_pm0p02	scripts_interacting_qmc_ed_ce_gce_eqtime_L8_Um5_N32_beta_grid_20260710_manifests_gce_prod_L8_Um5_N32_all.tsv	muL6Um5N18b6p7plus_0p02
54	Um5	-5.0	18	0.500000000000	10.0	0.100000000000	-0.688767069484	32	0.500000000000	-0.708767069484	m0p708767	-0.02	minus_0p02	6	6	0.1	2000	10000	20	3	ccsd	/home/9pm/nUHubbard/runs/gce_mu_L6_L8seed_20260719/attractive/Um5/Ntot018_n0.500000_b10p0_mum0p708767_minus_0p02	916000054	1907193054	Um5_L6_N018_b10p0	initial_L8_seed_pm0p02	scripts_interacting_qmc_ed_ce_gce_eqtime_L8_Um5_N32_beta_grid_20260710_manifests_gce_prod_L8_Um5_N32_all.tsv	muL6Um5N18b10p0minus_0p02
55	Um5	-5.0	18	0.500000000000	10.0	0.100000000000	-0.688767069484	32	0.500000000000	-0.688767069484	m0p688767	0.00	center	6	6	0.1	2000	10000	20	3	ccsd	/home/9pm/nUHubbard/runs/gce_mu_L6_L8seed_20260719/attractive/Um5/Ntot018_n0.500000_b10p0_mum0p688767_center	916000055	1907193055	Um5_L6_N018_b10p0	initial_L8_seed_pm0p02	scripts_interacting_qmc_ed_ce_gce_eqtime_L8_Um5_N32_beta_grid_20260710_manifests_gce_prod_L8_Um5_N32_all.tsv	muL6Um5N18b10p0center
56	Um5	-5.0	18	0.500000000000	10.0	0.100000000000	-0.688767069484	32	0.500000000000	-0.668767069484	m0p668767	0.02	plus_0p02	6	6	0.1	2000	10000	20	3	ccsd	/home/9pm/nUHubbard/runs/gce_mu_L6_L8seed_20260719/attractive/Um5/Ntot018_n0.500000_b10p0_mum0p668767_plus_0p02	916000056	1907193056	Um5_L6_N018_b10p0	initial_L8_seed_pm0p02	scripts_interacting_qmc_ed_ce_gce_eqtime_L8_Um5_N32_beta_grid_20260710_manifests_gce_prod_L8_Um5_N32_all.tsv	muL6Um5N18b10p0plus_0p02
57	Um5	-5.0	18	0.500000000000	20.0	0.050000000000	-0.688283521957	32	0.500000000000	-0.708283521957	m0p708284	-0.02	minus_0p02	6	6	0.1	2000	10000	20	3	ccsd	/home/9pm/nUHubbard/runs/gce_mu_L6_L8seed_20260719/attractive/Um5/Ntot018_n0.500000_b20p0_mum0p708284_minus_0p02	916000057	1907193057	Um5_L6_N018_b20p0	initial_L8_seed_pm0p02	scripts_interacting_qmc_ed_ce_gce_eqtime_L8_Um5_three_density_beta20_20260712_manifests_gce_prod_L8_Um5_three_density_all.tsv	muL6Um5N18b20p0minus_0p02
58	Um5	-5.0	18	0.500000000000	20.0	0.050000000000	-0.688283521957	32	0.500000000000	-0.688283521957	m0p688284	0.00	center	6	6	0.1	2000	10000	20	3	ccsd	/home/9pm/nUHubbard/runs/gce_mu_L6_L8seed_20260719/attractive/Um5/Ntot018_n0.500000_b20p0_mum0p688284_center	916000058	1907193058	Um5_L6_N018_b20p0	initial_L8_seed_pm0p02	scripts_interacting_qmc_ed_ce_gce_eqtime_L8_Um5_three_density_beta20_20260712_manifests_gce_prod_L8_Um5_three_density_all.tsv	muL6Um5N18b20p0center
59	Um5	-5.0	18	0.500000000000	20.0	0.050000000000	-0.688283521957	32	0.500000000000	-0.668283521957	m0p668284	0.02	plus_0p02	6	6	0.1	2000	10000	20	3	ccsd	/home/9pm/nUHubbard/runs/gce_mu_L6_L8seed_20260719/attractive/Um5/Ntot018_n0.500000_b20p0_mum0p668284_plus_0p02	916000059	1907193059	Um5_L6_N018_b20p0	initial_L8_seed_pm0p02	scripts_interacting_qmc_ed_ce_gce_eqtime_L8_Um5_three_density_beta20_20260712_manifests_gce_prod_L8_Um5_three_density_all.tsv	muL6Um5N18b20p0plus_0p02
60	Um5	-5.0	26	0.722222222222	2.0	0.500000000000	-0.414854954262	46	0.718750000000	-0.434854954262	m0p434855	-0.02	minus_0p02	6	6	0.1	2000	10000	20	3	ccsd	/home/9pm/nUHubbard/runs/gce_mu_L6_L8seed_20260719/attractive/Um5/Ntot026_n0.722222_b2p0_mum0p434855_minus_0p02	916000060	1907193060	Um5_L6_N026_b2p0	initial_L8_seed_pm0p02	scripts_interacting_qmc_ed_gce_prod_L8_found_mu_N46_allU_Up5small_beta_le10_20260713_manifests_gce_prod_L8_found_mu_attractive_20260713_all.tsv	muL6Um5N26b2p0minus_0p02
61	Um5	-5.0	26	0.722222222222	2.0	0.500000000000	-0.414854954262	46	0.718750000000	-0.414854954262	m0p414855	0.00	center	6	6	0.1	2000	10000	20	3	ccsd	/home/9pm/nUHubbard/runs/gce_mu_L6_L8seed_20260719/attractive/Um5/Ntot026_n0.722222_b2p0_mum0p414855_center	916000061	1907193061	Um5_L6_N026_b2p0	initial_L8_seed_pm0p02	scripts_interacting_qmc_ed_gce_prod_L8_found_mu_N46_allU_Up5small_beta_le10_20260713_manifests_gce_prod_L8_found_mu_attractive_20260713_all.tsv	muL6Um5N26b2p0center
62	Um5	-5.0	26	0.722222222222	2.0	0.500000000000	-0.414854954262	46	0.718750000000	-0.394854954262	m0p394855	0.02	plus_0p02	6	6	0.1	2000	10000	20	3	ccsd	/home/9pm/nUHubbard/runs/gce_mu_L6_L8seed_20260719/attractive/Um5/Ntot026_n0.722222_b2p0_mum0p394855_plus_0p02	916000062	1907193062	Um5_L6_N026_b2p0	initial_L8_seed_pm0p02	scripts_interacting_qmc_ed_gce_prod_L8_found_mu_N46_allU_Up5small_beta_le10_20260713_manifests_gce_prod_L8_found_mu_attractive_20260713_all.tsv	muL6Um5N26b2p0plus_0p02
63	Um5	-5.0	26	0.722222222222	2.2	0.454545454545	-0.403129078052	46	0.718750000000	-0.423129078052	m0p423129	-0.02	minus_0p02	6	6	0.1	2000	10000	20	3	ccsd	/home/9pm/nUHubbard/runs/gce_mu_L6_L8seed_20260719/attractive/Um5/Ntot026_n0.722222_b2p2_mum0p423129_minus_0p02	916000063	1907193063	Um5_L6_N026_b2p2	initial_L8_seed_pm0p02	scripts_interacting_qmc_ed_gce_prod_L8_found_mu_N46_allU_Up5small_beta_le10_20260713_manifests_gce_prod_L8_found_mu_attractive_20260713_all.tsv	muL6Um5N26b2p2minus_0p02
64	Um5	-5.0	26	0.722222222222	2.2	0.454545454545	-0.403129078052	46	0.718750000000	-0.403129078052	m0p403129	0.00	center	6	6	0.1	2000	10000	20	3	ccsd	/home/9pm/nUHubbard/runs/gce_mu_L6_L8seed_20260719/attractive/Um5/Ntot026_n0.722222_b2p2_mum0p403129_center	916000064	1907193064	Um5_L6_N026_b2p2	initial_L8_seed_pm0p02	scripts_interacting_qmc_ed_gce_prod_L8_found_mu_N46_allU_Up5small_beta_le10_20260713_manifests_gce_prod_L8_found_mu_attractive_20260713_all.tsv	muL6Um5N26b2p2center
65	Um5	-5.0	26	0.722222222222	2.2	0.454545454545	-0.403129078052	46	0.718750000000	-0.383129078052	m0p383129	0.02	plus_0p02	6	6	0.1	2000	10000	20	3	ccsd	/home/9pm/nUHubbard/runs/gce_mu_L6_L8seed_20260719/attractive/Um5/Ntot026_n0.722222_b2p2_mum0p383129_plus_0p02	916000065	1907193065	Um5_L6_N026_b2p2	initial_L8_seed_pm0p02	scripts_interacting_qmc_ed_gce_prod_L8_found_mu_N46_allU_Up5small_beta_le10_20260713_manifests_gce_prod_L8_found_mu_attractive_20260713_all.tsv	muL6Um5N26b2p2plus_0p02
66	Um5	-5.0	26	0.722222222222	2.5	0.400000000000	-0.389565237587	46	0.718750000000	-0.409565237587	m0p409565	-0.02	minus_0p02	6	6	0.1	2000	10000	20	3	ccsd	/home/9pm/nUHubbard/runs/gce_mu_L6_L8seed_20260719/attractive/Um5/Ntot026_n0.722222_b2p5_mum0p409565_minus_0p02	916000066	1907193066	Um5_L6_N026_b2p5	initial_L8_seed_pm0p02	scripts_interacting_qmc_ed_gce_prod_L8_found_mu_N46_allU_Up5small_beta_le10_20260713_manifests_gce_prod_L8_found_mu_attractive_20260713_all.tsv	muL6Um5N26b2p5minus_0p02
67	Um5	-5.0	26	0.722222222222	2.5	0.400000000000	-0.389565237587	46	0.718750000000	-0.389565237587	m0p389565	0.00	center	6	6	0.1	2000	10000	20	3	ccsd	/home/9pm/nUHubbard/runs/gce_mu_L6_L8seed_20260719/attractive/Um5/Ntot026_n0.722222_b2p5_mum0p389565_center	916000067	1907193067	Um5_L6_N026_b2p5	initial_L8_seed_pm0p02	scripts_interacting_qmc_ed_gce_prod_L8_found_mu_N46_allU_Up5small_beta_le10_20260713_manifests_gce_prod_L8_found_mu_attractive_20260713_all.tsv	muL6Um5N26b2p5center
68	Um5	-5.0	26	0.722222222222	2.5	0.400000000000	-0.389565237587	46	0.718750000000	-0.369565237587	m0p369565	0.02	plus_0p02	6	6	0.1	2000	10000	20	3	ccsd	/home/9pm/nUHubbard/runs/gce_mu_L6_L8seed_20260719/attractive/Um5/Ntot026_n0.722222_b2p5_mum0p369565_plus_0p02	916000068	1907193068	Um5_L6_N026_b2p5	initial_L8_seed_pm0p02	scripts_interacting_qmc_ed_gce_prod_L8_found_mu_N46_allU_Up5small_beta_le10_20260713_manifests_gce_prod_L8_found_mu_attractive_20260713_all.tsv	muL6Um5N26b2p5plus_0p02
69	Um5	-5.0	26	0.722222222222	2.9	0.344827586207	-0.375839176292	46	0.718750000000	-0.395839176292	m0p395839	-0.02	minus_0p02	6	6	0.1	2000	10000	20	3	ccsd	/home/9pm/nUHubbard/runs/gce_mu_L6_L8seed_20260719/attractive/Um5/Ntot026_n0.722222_b2p9_mum0p395839_minus_0p02	916000069	1907193069	Um5_L6_N026_b2p9	initial_L8_seed_pm0p02	scripts_interacting_qmc_ed_gce_prod_L8_found_mu_N46_allU_Up5small_beta_le10_20260713_manifests_gce_prod_L8_found_mu_attractive_20260713_all.tsv	muL6Um5N26b2p9minus_0p02
70	Um5	-5.0	26	0.722222222222	2.9	0.344827586207	-0.375839176292	46	0.718750000000	-0.375839176292	m0p375839	0.00	center	6	6	0.1	2000	10000	20	3	ccsd	/home/9pm/nUHubbard/runs/gce_mu_L6_L8seed_20260719/attractive/Um5/Ntot026_n0.722222_b2p9_mum0p375839_center	916000070	1907193070	Um5_L6_N026_b2p9	initial_L8_seed_pm0p02	scripts_interacting_qmc_ed_gce_prod_L8_found_mu_N46_allU_Up5small_beta_le10_20260713_manifests_gce_prod_L8_found_mu_attractive_20260713_all.tsv	muL6Um5N26b2p9center
71	Um5	-5.0	26	0.722222222222	2.9	0.344827586207	-0.375839176292	46	0.718750000000	-0.355839176292	m0p355839	0.02	plus_0p02	6	6	0.1	2000	10000	20	3	ccsd	/home/9pm/nUHubbard/runs/gce_mu_L6_L8seed_20260719/attractive/Um5/Ntot026_n0.722222_b2p9_mum0p355839_plus_0p02	916000071	1907193071	Um5_L6_N026_b2p9	initial_L8_seed_pm0p02	scripts_interacting_qmc_ed_gce_prod_L8_found_mu_N46_allU_Up5small_beta_le10_20260713_manifests_gce_prod_L8_found_mu_attractive_20260713_all.tsv	muL6Um5N26b2p9plus_0p02
72	Um5	-5.0	26	0.722222222222	3.3	0.303030303030	-0.366593584863	46	0.718750000000	-0.386593584863	m0p386594	-0.02	minus_0p02	6	6	0.1	2000	10000	20	3	ccsd	/home/9pm/nUHubbard/runs/gce_mu_L6_L8seed_20260719/attractive/Um5/Ntot026_n0.722222_b3p3_mum0p386594_minus_0p02	916000072	1907193072	Um5_L6_N026_b3p3	initial_L8_seed_pm0p02	scripts_interacting_qmc_ed_gce_prod_L8_found_mu_N46_allU_Up5small_beta_le10_20260713_manifests_gce_prod_L8_found_mu_attractive_20260713_all.tsv	muL6Um5N26b3p3minus_0p02
73	Um5	-5.0	26	0.722222222222	3.3	0.303030303030	-0.366593584863	46	0.718750000000	-0.366593584863	m0p366594	0.00	center	6	6	0.1	2000	10000	20	3	ccsd	/home/9pm/nUHubbard/runs/gce_mu_L6_L8seed_20260719/attractive/Um5/Ntot026_n0.722222_b3p3_mum0p366594_center	916000073	1907193073	Um5_L6_N026_b3p3	initial_L8_seed_pm0p02	scripts_interacting_qmc_ed_gce_prod_L8_found_mu_N46_allU_Up5small_beta_le10_20260713_manifests_gce_prod_L8_found_mu_attractive_20260713_all.tsv	muL6Um5N26b3p3center
74	Um5	-5.0	26	0.722222222222	3.3	0.303030303030	-0.366593584863	46	0.718750000000	-0.346593584863	m0p346594	0.02	plus_0p02	6	6	0.1	2000	10000	20	3	ccsd	/home/9pm/nUHubbard/runs/gce_mu_L6_L8seed_20260719/attractive/Um5/Ntot026_n0.722222_b3p3_mum0p346594_plus_0p02	916000074	1907193074	Um5_L6_N026_b3p3	initial_L8_seed_pm0p02	scripts_interacting_qmc_ed_gce_prod_L8_found_mu_N46_allU_Up5small_beta_le10_20260713_manifests_gce_prod_L8_found_mu_attractive_20260713_all.tsv	muL6Um5N26b3p3plus_0p02
75	Um5	-5.0	26	0.722222222222	4.0	0.250000000000	-0.356865956269	46	0.718750000000	-0.376865956269	m0p376866	-0.02	minus_0p02	6	6	0.1	2000	10000	20	3	ccsd	/home/9pm/nUHubbard/runs/gce_mu_L6_L8seed_20260719/attractive/Um5/Ntot026_n0.722222_b4p0_mum0p376866_minus_0p02	916000075	1907193075	Um5_L6_N026_b4p0	initial_L8_seed_pm0p02	scripts_interacting_qmc_ed_gce_prod_L8_found_mu_N46_allU_Up5small_beta_le10_20260713_manifests_gce_prod_L8_found_mu_attractive_20260713_all.tsv	muL6Um5N26b4p0minus_0p02
76	Um5	-5.0	26	0.722222222222	4.0	0.250000000000	-0.356865956269	46	0.718750000000	-0.356865956269	m0p356866	0.00	center	6	6	0.1	2000	10000	20	3	ccsd	/home/9pm/nUHubbard/runs/gce_mu_L6_L8seed_20260719/attractive/Um5/Ntot026_n0.722222_b4p0_mum0p356866_center	916000076	1907193076	Um5_L6_N026_b4p0	initial_L8_seed_pm0p02	scripts_interacting_qmc_ed_gce_prod_L8_found_mu_N46_allU_Up5small_beta_le10_20260713_manifests_gce_prod_L8_found_mu_attractive_20260713_all.tsv	muL6Um5N26b4p0center
77	Um5	-5.0	26	0.722222222222	4.0	0.250000000000	-0.356865956269	46	0.718750000000	-0.336865956269	m0p336866	0.02	plus_0p02	6	6	0.1	2000	10000	20	3	ccsd	/home/9pm/nUHubbard/runs/gce_mu_L6_L8seed_20260719/attractive/Um5/Ntot026_n0.722222_b4p0_mum0p336866_plus_0p02	916000077	1907193077	Um5_L6_N026_b4p0	initial_L8_seed_pm0p02	scripts_interacting_qmc_ed_gce_prod_L8_found_mu_N46_allU_Up5small_beta_le10_20260713_manifests_gce_prod_L8_found_mu_attractive_20260713_all.tsv	muL6Um5N26b4p0plus_0p02
78	Um5	-5.0	26	0.722222222222	5.0	0.200000000000	-0.351101333972	46	0.718750000000	-0.371101333972	m0p371101	-0.02	minus_0p02	6	6	0.1	2000	10000	20	3	ccsd	/home/9pm/nUHubbard/runs/gce_mu_L6_L8seed_20260719/attractive/Um5/Ntot026_n0.722222_b5p0_mum0p371101_minus_0p02	916000078	1907193078	Um5_L6_N026_b5p0	initial_L8_seed_pm0p02	scripts_interacting_qmc_ed_gce_prod_L8_found_mu_N46_allU_Up5small_beta_le10_20260713_manifests_gce_prod_L8_found_mu_attractive_20260713_all.tsv	muL6Um5N26b5p0minus_0p02
79	Um5	-5.0	26	0.722222222222	5.0	0.200000000000	-0.351101333972	46	0.718750000000	-0.351101333972	m0p351101	0.00	center	6	6	0.1	2000	10000	20	3	ccsd	/home/9pm/nUHubbard/runs/gce_mu_L6_L8seed_20260719/attractive/Um5/Ntot026_n0.722222_b5p0_mum0p351101_center	916000079	1907193079	Um5_L6_N026_b5p0	initial_L8_seed_pm0p02	scripts_interacting_qmc_ed_gce_prod_L8_found_mu_N46_allU_Up5small_beta_le10_20260713_manifests_gce_prod_L8_found_mu_attractive_20260713_all.tsv	muL6Um5N26b5p0center
80	Um5	-5.0	26	0.722222222222	5.0	0.200000000000	-0.351101333972	46	0.718750000000	-0.331101333972	m0p331101	0.02	plus_0p02	6	6	0.1	2000	10000	20	3	ccsd	/home/9pm/nUHubbard/runs/gce_mu_L6_L8seed_20260719/attractive/Um5/Ntot026_n0.722222_b5p0_mum0p331101_plus_0p02	916000080	1907193080	Um5_L6_N026_b5p0	initial_L8_seed_pm0p02	scripts_interacting_qmc_ed_gce_prod_L8_found_mu_N46_allU_Up5small_beta_le10_20260713_manifests_gce_prod_L8_found_mu_attractive_20260713_all.tsv	muL6Um5N26b5p0plus_0p02
81	Um5	-5.0	26	0.722222222222	6.7	0.149253731343	-0.347327883510	46	0.718750000000	-0.367327883510	m0p367328	-0.02	minus_0p02	6	6	0.1	2000	10000	20	3	ccsd	/home/9pm/nUHubbard/runs/gce_mu_L6_L8seed_20260719/attractive/Um5/Ntot026_n0.722222_b6p7_mum0p367328_minus_0p02	916000081	1907193081	Um5_L6_N026_b6p7	initial_L8_seed_pm0p02	scripts_interacting_qmc_ed_gce_prod_L8_found_mu_N46_allU_Up5small_beta_le10_20260713_manifests_gce_prod_L8_found_mu_attractive_20260713_all.tsv	muL6Um5N26b6p7minus_0p02
82	Um5	-5.0	26	0.722222222222	6.7	0.149253731343	-0.347327883510	46	0.718750000000	-0.347327883510	m0p347328	0.00	center	6	6	0.1	2000	10000	20	3	ccsd	/home/9pm/nUHubbard/runs/gce_mu_L6_L8seed_20260719/attractive/Um5/Ntot026_n0.722222_b6p7_mum0p347328_center	916000082	1907193082	Um5_L6_N026_b6p7	initial_L8_seed_pm0p02	scripts_interacting_qmc_ed_gce_prod_L8_found_mu_N46_allU_Up5small_beta_le10_20260713_manifests_gce_prod_L8_found_mu_attractive_20260713_all.tsv	muL6Um5N26b6p7center
83	Um5	-5.0	26	0.722222222222	6.7	0.149253731343	-0.347327883510	46	0.718750000000	-0.327327883510	m0p327328	0.02	plus_0p02	6	6	0.1	2000	10000	20	3	ccsd	/home/9pm/nUHubbard/runs/gce_mu_L6_L8seed_20260719/attractive/Um5/Ntot026_n0.722222_b6p7_mum0p327328_plus_0p02	916000083	1907193083	Um5_L6_N026_b6p7	initial_L8_seed_pm0p02	scripts_interacting_qmc_ed_gce_prod_L8_found_mu_N46_allU_Up5small_beta_le10_20260713_manifests_gce_prod_L8_found_mu_attractive_20260713_all.tsv	muL6Um5N26b6p7plus_0p02
84	Um5	-5.0	26	0.722222222222	10.0	0.100000000000	-0.345549894879	46	0.718750000000	-0.365549894879	m0p365550	-0.02	minus_0p02	6	6	0.1	2000	10000	20	3	ccsd	/home/9pm/nUHubbard/runs/gce_mu_L6_L8seed_20260719/attractive/Um5/Ntot026_n0.722222_b10p0_mum0p365550_minus_0p02	916000084	1907193084	Um5_L6_N026_b10p0	initial_L8_seed_pm0p02	scripts_interacting_qmc_ed_gce_prod_L8_found_mu_N46_allU_Up5small_beta_le10_20260713_manifests_gce_prod_L8_found_mu_attractive_20260713_all.tsv	muL6Um5N26b10p0minus_0p02
85	Um5	-5.0	26	0.722222222222	10.0	0.100000000000	-0.345549894879	46	0.718750000000	-0.345549894879	m0p345550	0.00	center	6	6	0.1	2000	10000	20	3	ccsd	/home/9pm/nUHubbard/runs/gce_mu_L6_L8seed_20260719/attractive/Um5/Ntot026_n0.722222_b10p0_mum0p345550_center	916000085	1907193085	Um5_L6_N026_b10p0	initial_L8_seed_pm0p02	scripts_interacting_qmc_ed_gce_prod_L8_found_mu_N46_allU_Up5small_beta_le10_20260713_manifests_gce_prod_L8_found_mu_attractive_20260713_all.tsv	muL6Um5N26b10p0center
86	Um5	-5.0	26	0.722222222222	10.0	0.100000000000	-0.345549894879	46	0.718750000000	-0.325549894879	m0p325550	0.02	plus_0p02	6	6	0.1	2000	10000	20	3	ccsd	/home/9pm/nUHubbard/runs/gce_mu_L6_L8seed_20260719/attractive/Um5/Ntot026_n0.722222_b10p0_mum0p325550_plus_0p02	916000086	1907193086	Um5_L6_N026_b10p0	initial_L8_seed_pm0p02	scripts_interacting_qmc_ed_gce_prod_L8_found_mu_N46_allU_Up5small_beta_le10_20260713_manifests_gce_prod_L8_found_mu_attractive_20260713_all.tsv	muL6Um5N26b10p0plus_0p02
87	Um5	-5.0	26	0.722222222222	20.0	0.050000000000	-0.344567277786	46	0.718750000000	-0.364567277786	m0p364567	-0.02	minus_0p02	6	6	0.1	2000	10000	20	3	ccsd	/home/9pm/nUHubbard/runs/gce_mu_L6_L8seed_20260719/attractive/Um5/Ntot026_n0.722222_b20p0_mum0p364567_minus_0p02	916000087	1907193087	Um5_L6_N026_b20p0	initial_L8_seed_pm0p02	scripts_interacting_qmc_ed_gce_beta20_L8_Um3N32_Um3Um5N46_20260714_manifests_gce_prod_L8_beta20_N46_validated_all.tsv	muL6Um5N26b20p0minus_0p02
88	Um5	-5.0	26	0.722222222222	20.0	0.050000000000	-0.344567277786	46	0.718750000000	-0.344567277786	m0p344567	0.00	center	6	6	0.1	2000	10000	20	3	ccsd	/home/9pm/nUHubbard/runs/gce_mu_L6_L8seed_20260719/attractive/Um5/Ntot026_n0.722222_b20p0_mum0p344567_center	916000088	1907193088	Um5_L6_N026_b20p0	initial_L8_seed_pm0p02	scripts_interacting_qmc_ed_gce_beta20_L8_Um3N32_Um3Um5N46_20260714_manifests_gce_prod_L8_beta20_N46_validated_all.tsv	muL6Um5N26b20p0center
89	Um5	-5.0	26	0.722222222222	20.0	0.050000000000	-0.344567277786	46	0.718750000000	-0.324567277786	m0p324567	0.02	plus_0p02	6	6	0.1	2000	10000	20	3	ccsd	/home/9pm/nUHubbard/runs/gce_mu_L6_L8seed_20260719/attractive/Um5/Ntot026_n0.722222_b20p0_mum0p324567_plus_0p02	916000089	1907193089	Um5_L6_N026_b20p0	initial_L8_seed_pm0p02	scripts_interacting_qmc_ed_gce_beta20_L8_Um3N32_Um3Um5N46_20260714_manifests_gce_prod_L8_beta20_N46_validated_all.tsv	muL6Um5N26b20p0plus_0p02
90	Um5	-5.0	32	0.888888888889	2.0	0.500000000000	-0.180081355595	56	0.875000000000	-0.200081355595	m0p200081	-0.02	minus_0p02	6	6	0.1	2000	10000	20	3	ccsd	/home/9pm/nUHubbard/runs/gce_mu_L6_L8seed_20260719/attractive/Um5/Ntot032_n0.888889_b2p0_mum0p200081_minus_0p02	916000090	1907193090	Um5_L6_N032_b2p0	initial_L8_seed_pm0p02	scripts_interacting_qmc_ed_ce_gce_eqtime_L8_Um5_three_density_beta20_20260712_manifests_gce_prod_L8_Um5_three_density_all.tsv	muL6Um5N32b2p0minus_0p02
91	Um5	-5.0	32	0.888888888889	2.0	0.500000000000	-0.180081355595	56	0.875000000000	-0.180081355595	m0p180081	0.00	center	6	6	0.1	2000	10000	20	3	ccsd	/home/9pm/nUHubbard/runs/gce_mu_L6_L8seed_20260719/attractive/Um5/Ntot032_n0.888889_b2p0_mum0p180081_center	916000091	1907193091	Um5_L6_N032_b2p0	initial_L8_seed_pm0p02	scripts_interacting_qmc_ed_ce_gce_eqtime_L8_Um5_three_density_beta20_20260712_manifests_gce_prod_L8_Um5_three_density_all.tsv	muL6Um5N32b2p0center
92	Um5	-5.0	32	0.888888888889	2.0	0.500000000000	-0.180081355595	56	0.875000000000	-0.160081355595	m0p160081	0.02	plus_0p02	6	6	0.1	2000	10000	20	3	ccsd	/home/9pm/nUHubbard/runs/gce_mu_L6_L8seed_20260719/attractive/Um5/Ntot032_n0.888889_b2p0_mum0p160081_plus_0p02	916000092	1907193092	Um5_L6_N032_b2p0	initial_L8_seed_pm0p02	scripts_interacting_qmc_ed_ce_gce_eqtime_L8_Um5_three_density_beta20_20260712_manifests_gce_prod_L8_Um5_three_density_all.tsv	muL6Um5N32b2p0plus_0p02
93	Um5	-5.0	32	0.888888888889	2.2	0.454545454545	-0.174202881087	56	0.875000000000	-0.194202881087	m0p194203	-0.02	minus_0p02	6	6	0.1	2000	10000	20	3	ccsd	/home/9pm/nUHubbard/runs/gce_mu_L6_L8seed_20260719/attractive/Um5/Ntot032_n0.888889_b2p2_mum0p194203_minus_0p02	916000093	1907193093	Um5_L6_N032_b2p2	initial_L8_seed_pm0p02	scripts_interacting_qmc_ed_ce_gce_eqtime_L8_Um5_three_density_beta20_20260712_manifests_gce_prod_L8_Um5_three_density_all.tsv	muL6Um5N32b2p2minus_0p02
94	Um5	-5.0	32	0.888888888889	2.2	0.454545454545	-0.174202881087	56	0.875000000000	-0.174202881087	m0p174203	0.00	center	6	6	0.1	2000	10000	20	3	ccsd	/home/9pm/nUHubbard/runs/gce_mu_L6_L8seed_20260719/attractive/Um5/Ntot032_n0.888889_b2p2_mum0p174203_center	916000094	1907193094	Um5_L6_N032_b2p2	initial_L8_seed_pm0p02	scripts_interacting_qmc_ed_ce_gce_eqtime_L8_Um5_three_density_beta20_20260712_manifests_gce_prod_L8_Um5_three_density_all.tsv	muL6Um5N32b2p2center
95	Um5	-5.0	32	0.888888888889	2.2	0.454545454545	-0.174202881087	56	0.875000000000	-0.154202881087	m0p154203	0.02	plus_0p02	6	6	0.1	2000	10000	20	3	ccsd	/home/9pm/nUHubbard/runs/gce_mu_L6_L8seed_20260719/attractive/Um5/Ntot032_n0.888889_b2p2_mum0p154203_plus_0p02	916000095	1907193095	Um5_L6_N032_b2p2	initial_L8_seed_pm0p02	scripts_interacting_qmc_ed_ce_gce_eqtime_L8_Um5_three_density_beta20_20260712_manifests_gce_prod_L8_Um5_three_density_all.tsv	muL6Um5N32b2p2plus_0p02
96	Um5	-5.0	32	0.888888888889	2.5	0.400000000000	-0.167684906130	56	0.875000000000	-0.187684906130	m0p187685	-0.02	minus_0p02	6	6	0.1	2000	10000	20	3	ccsd	/home/9pm/nUHubbard/runs/gce_mu_L6_L8seed_20260719/attractive/Um5/Ntot032_n0.888889_b2p5_mum0p187685_minus_0p02	916000096	1907193096	Um5_L6_N032_b2p5	initial_L8_seed_pm0p02	scripts_interacting_qmc_ed_ce_gce_eqtime_L8_Um5_three_density_beta20_20260712_manifests_gce_prod_L8_Um5_three_density_all.tsv	muL6Um5N32b2p5minus_0p02
97	Um5	-5.0	32	0.888888888889	2.5	0.400000000000	-0.167684906130	56	0.875000000000	-0.167684906130	m0p167685	0.00	center	6	6	0.1	2000	10000	20	3	ccsd	/home/9pm/nUHubbard/runs/gce_mu_L6_L8seed_20260719/attractive/Um5/Ntot032_n0.888889_b2p5_mum0p167685_center	916000097	1907193097	Um5_L6_N032_b2p5	initial_L8_seed_pm0p02	scripts_interacting_qmc_ed_ce_gce_eqtime_L8_Um5_three_density_beta20_20260712_manifests_gce_prod_L8_Um5_three_density_all.tsv	muL6Um5N32b2p5center
98	Um5	-5.0	32	0.888888888889	2.5	0.400000000000	-0.167684906130	56	0.875000000000	-0.147684906130	m0p147685	0.02	plus_0p02	6	6	0.1	2000	10000	20	3	ccsd	/home/9pm/nUHubbard/runs/gce_mu_L6_L8seed_20260719/attractive/Um5/Ntot032_n0.888889_b2p5_mum0p147685_plus_0p02	916000098	1907193098	Um5_L6_N032_b2p5	initial_L8_seed_pm0p02	scripts_interacting_qmc_ed_ce_gce_eqtime_L8_Um5_three_density_beta20_20260712_manifests_gce_prod_L8_Um5_three_density_all.tsv	muL6Um5N32b2p5plus_0p02
99	Um5	-5.0	32	0.888888888889	2.9	0.344827586207	-0.161908472110	56	0.875000000000	-0.181908472110	m0p181908	-0.02	minus_0p02	6	6	0.1	2000	10000	20	3	ccsd	/home/9pm/nUHubbard/runs/gce_mu_L6_L8seed_20260719/attractive/Um5/Ntot032_n0.888889_b2p9_mum0p181908_minus_0p02	916000099	1907193099	Um5_L6_N032_b2p9	initial_L8_seed_pm0p02	scripts_interacting_qmc_ed_ce_gce_eqtime_L8_Um5_three_density_beta20_20260712_manifests_gce_prod_L8_Um5_three_density_all.tsv	muL6Um5N32b2p9minus_0p02
100	Um5	-5.0	32	0.888888888889	2.9	0.344827586207	-0.161908472110	56	0.875000000000	-0.161908472110	m0p161908	0.00	center	6	6	0.1	2000	10000	20	3	ccsd	/home/9pm/nUHubbard/runs/gce_mu_L6_L8seed_20260719/attractive/Um5/Ntot032_n0.888889_b2p9_mum0p161908_center	916000100	1907193100	Um5_L6_N032_b2p9	initial_L8_seed_pm0p02	scripts_interacting_qmc_ed_ce_gce_eqtime_L8_Um5_three_density_beta20_20260712_manifests_gce_prod_L8_Um5_three_density_all.tsv	muL6Um5N32b2p9center
101	Um5	-5.0	32	0.888888888889	2.9	0.344827586207	-0.161908472110	56	0.875000000000	-0.141908472110	m0p141908	0.02	plus_0p02	6	6	0.1	2000	10000	20	3	ccsd	/home/9pm/nUHubbard/runs/gce_mu_L6_L8seed_20260719/attractive/Um5/Ntot032_n0.888889_b2p9_mum0p141908_plus_0p02	916000101	1907193101	Um5_L6_N032_b2p9	initial_L8_seed_pm0p02	scripts_interacting_qmc_ed_ce_gce_eqtime_L8_Um5_three_density_beta20_20260712_manifests_gce_prod_L8_Um5_three_density_all.tsv	muL6Um5N32b2p9plus_0p02
102	Um5	-5.0	32	0.888888888889	3.3	0.303030303030	-0.158261989608	56	0.875000000000	-0.178261989608	m0p178262	-0.02	minus_0p02	6	6	0.1	2000	10000	20	3	ccsd	/home/9pm/nUHubbard/runs/gce_mu_L6_L8seed_20260719/attractive/Um5/Ntot032_n0.888889_b3p3_mum0p178262_minus_0p02	916000102	1907193102	Um5_L6_N032_b3p3	initial_L8_seed_pm0p02	scripts_interacting_qmc_ed_ce_gce_eqtime_L8_Um5_three_density_beta20_20260712_manifests_gce_prod_L8_Um5_three_density_all.tsv	muL6Um5N32b3p3minus_0p02
103	Um5	-5.0	32	0.888888888889	3.3	0.303030303030	-0.158261989608	56	0.875000000000	-0.158261989608	m0p158262	0.00	center	6	6	0.1	2000	10000	20	3	ccsd	/home/9pm/nUHubbard/runs/gce_mu_L6_L8seed_20260719/attractive/Um5/Ntot032_n0.888889_b3p3_mum0p158262_center	916000103	1907193103	Um5_L6_N032_b3p3	initial_L8_seed_pm0p02	scripts_interacting_qmc_ed_ce_gce_eqtime_L8_Um5_three_density_beta20_20260712_manifests_gce_prod_L8_Um5_three_density_all.tsv	muL6Um5N32b3p3center
104	Um5	-5.0	32	0.888888888889	3.3	0.303030303030	-0.158261989608	56	0.875000000000	-0.138261989608	m0p138262	0.02	plus_0p02	6	6	0.1	2000	10000	20	3	ccsd	/home/9pm/nUHubbard/runs/gce_mu_L6_L8seed_20260719/attractive/Um5/Ntot032_n0.888889_b3p3_mum0p138262_plus_0p02	916000104	1907193104	Um5_L6_N032_b3p3	initial_L8_seed_pm0p02	scripts_interacting_qmc_ed_ce_gce_eqtime_L8_Um5_three_density_beta20_20260712_manifests_gce_prod_L8_Um5_three_density_all.tsv	muL6Um5N32b3p3plus_0p02
105	Um5	-5.0	32	0.888888888889	4.0	0.250000000000	-0.155480747118	56	0.875000000000	-0.175480747118	m0p175481	-0.02	minus_0p02	6	6	0.1	2000	10000	20	3	ccsd	/home/9pm/nUHubbard/runs/gce_mu_L6_L8seed_20260719/attractive/Um5/Ntot032_n0.888889_b4p0_mum0p175481_minus_0p02	916000105	1907193105	Um5_L6_N032_b4p0	initial_L8_seed_pm0p02	scripts_interacting_qmc_ed_ce_gce_eqtime_L8_Um5_three_density_beta20_20260712_manifests_gce_prod_L8_Um5_three_density_all.tsv	muL6Um5N32b4p0minus_0p02
106	Um5	-5.0	32	0.888888888889	4.0	0.250000000000	-0.155480747118	56	0.875000000000	-0.155480747118	m0p155481	0.00	center	6	6	0.1	2000	10000	20	3	ccsd	/home/9pm/nUHubbard/runs/gce_mu_L6_L8seed_20260719/attractive/Um5/Ntot032_n0.888889_b4p0_mum0p155481_center	916000106	1907193106	Um5_L6_N032_b4p0	initial_L8_seed_pm0p02	scripts_interacting_qmc_ed_ce_gce_eqtime_L8_Um5_three_density_beta20_20260712_manifests_gce_prod_L8_Um5_three_density_all.tsv	muL6Um5N32b4p0center
107	Um5	-5.0	32	0.888888888889	4.0	0.250000000000	-0.155480747118	56	0.875000000000	-0.135480747118	m0p135481	0.02	plus_0p02	6	6	0.1	2000	10000	20	3	ccsd	/home/9pm/nUHubbard/runs/gce_mu_L6_L8seed_20260719/attractive/Um5/Ntot032_n0.888889_b4p0_mum0p135481_plus_0p02	916000107	1907193107	Um5_L6_N032_b4p0	initial_L8_seed_pm0p02	scripts_interacting_qmc_ed_ce_gce_eqtime_L8_Um5_three_density_beta20_20260712_manifests_gce_prod_L8_Um5_three_density_all.tsv	muL6Um5N32b4p0plus_0p02
108	Um5	-5.0	32	0.888888888889	5.0	0.200000000000	-0.155802354362	56	0.875000000000	-0.175802354362	m0p175802	-0.02	minus_0p02	6	6	0.1	2000	10000	20	3	ccsd	/home/9pm/nUHubbard/runs/gce_mu_L6_L8seed_20260719/attractive/Um5/Ntot032_n0.888889_b5p0_mum0p175802_minus_0p02	916000108	1907193108	Um5_L6_N032_b5p0	initial_L8_seed_pm0p02	scripts_interacting_qmc_ed_ce_gce_eqtime_L8_Um5_three_density_beta20_20260712_manifests_gce_prod_L8_Um5_three_density_all.tsv	muL6Um5N32b5p0minus_0p02
109	Um5	-5.0	32	0.888888888889	5.0	0.200000000000	-0.155802354362	56	0.875000000000	-0.155802354362	m0p155802	0.00	center	6	6	0.1	2000	10000	20	3	ccsd	/home/9pm/nUHubbard/runs/gce_mu_L6_L8seed_20260719/attractive/Um5/Ntot032_n0.888889_b5p0_mum0p155802_center	916000109	1907193109	Um5_L6_N032_b5p0	initial_L8_seed_pm0p02	scripts_interacting_qmc_ed_ce_gce_eqtime_L8_Um5_three_density_beta20_20260712_manifests_gce_prod_L8_Um5_three_density_all.tsv	muL6Um5N32b5p0center
110	Um5	-5.0	32	0.888888888889	5.0	0.200000000000	-0.155802354362	56	0.875000000000	-0.135802354362	m0p135802	0.02	plus_0p02	6	6	0.1	2000	10000	20	3	ccsd	/home/9pm/nUHubbard/runs/gce_mu_L6_L8seed_20260719/attractive/Um5/Ntot032_n0.888889_b5p0_mum0p135802_plus_0p02	916000110	1907193110	Um5_L6_N032_b5p0	initial_L8_seed_pm0p02	scripts_interacting_qmc_ed_ce_gce_eqtime_L8_Um5_three_density_beta20_20260712_manifests_gce_prod_L8_Um5_three_density_all.tsv	muL6Um5N32b5p0plus_0p02
111	Um5	-5.0	32	0.888888888889	6.7	0.149253731343	-0.153611474076	56	0.875000000000	-0.173611474076	m0p173611	-0.02	minus_0p02	6	6	0.1	2000	10000	20	3	ccsd	/home/9pm/nUHubbard/runs/gce_mu_L6_L8seed_20260719/attractive/Um5/Ntot032_n0.888889_b6p7_mum0p173611_minus_0p02	916000111	1907193111	Um5_L6_N032_b6p7	initial_L8_seed_pm0p02	scripts_interacting_qmc_ed_ce_gce_eqtime_L8_Um5_three_density_beta20_20260712_manifests_gce_prod_L8_Um5_N56_b6p7_reseed_20260713.tsv;scripts_interacting_qmc_ed_ce_gce_eqtime_L8_Um5_three_density_beta20_20260712_manifests_gce_prod_L8_Um5_three_density_all.tsv	muL6Um5N32b6p7minus_0p02
112	Um5	-5.0	32	0.888888888889	6.7	0.149253731343	-0.153611474076	56	0.875000000000	-0.153611474076	m0p153611	0.00	center	6	6	0.1	2000	10000	20	3	ccsd	/home/9pm/nUHubbard/runs/gce_mu_L6_L8seed_20260719/attractive/Um5/Ntot032_n0.888889_b6p7_mum0p153611_center	916000112	1907193112	Um5_L6_N032_b6p7	initial_L8_seed_pm0p02	scripts_interacting_qmc_ed_ce_gce_eqtime_L8_Um5_three_density_beta20_20260712_manifests_gce_prod_L8_Um5_N56_b6p7_reseed_20260713.tsv;scripts_interacting_qmc_ed_ce_gce_eqtime_L8_Um5_three_density_beta20_20260712_manifests_gce_prod_L8_Um5_three_density_all.tsv	muL6Um5N32b6p7center
113	Um5	-5.0	32	0.888888888889	6.7	0.149253731343	-0.153611474076	56	0.875000000000	-0.133611474076	m0p133611	0.02	plus_0p02	6	6	0.1	2000	10000	20	3	ccsd	/home/9pm/nUHubbard/runs/gce_mu_L6_L8seed_20260719/attractive/Um5/Ntot032_n0.888889_b6p7_mum0p133611_plus_0p02	916000113	1907193113	Um5_L6_N032_b6p7	initial_L8_seed_pm0p02	scripts_interacting_qmc_ed_ce_gce_eqtime_L8_Um5_three_density_beta20_20260712_manifests_gce_prod_L8_Um5_N56_b6p7_reseed_20260713.tsv;scripts_interacting_qmc_ed_ce_gce_eqtime_L8_Um5_three_density_beta20_20260712_manifests_gce_prod_L8_Um5_three_density_all.tsv	muL6Um5N32b6p7plus_0p02
114	Um5	-5.0	32	0.888888888889	10.0	0.100000000000	-0.149735671866	56	0.875000000000	-0.169735671866	m0p169736	-0.02	minus_0p02	6	6	0.1	2000	10000	20	3	ccsd	/home/9pm/nUHubbard/runs/gce_mu_L6_L8seed_20260719/attractive/Um5/Ntot032_n0.888889_b10p0_mum0p169736_minus_0p02	916000114	1907193114	Um5_L6_N032_b10p0	initial_L8_seed_pm0p02	scripts_interacting_qmc_ed_ce_gce_eqtime_L8_Um5_three_density_beta20_20260712_manifests_gce_prod_L8_Um5_three_density_all.tsv	muL6Um5N32b10p0minus_0p02
115	Um5	-5.0	32	0.888888888889	10.0	0.100000000000	-0.149735671866	56	0.875000000000	-0.149735671866	m0p149736	0.00	center	6	6	0.1	2000	10000	20	3	ccsd	/home/9pm/nUHubbard/runs/gce_mu_L6_L8seed_20260719/attractive/Um5/Ntot032_n0.888889_b10p0_mum0p149736_center	916000115	1907193115	Um5_L6_N032_b10p0	initial_L8_seed_pm0p02	scripts_interacting_qmc_ed_ce_gce_eqtime_L8_Um5_three_density_beta20_20260712_manifests_gce_prod_L8_Um5_three_density_all.tsv	muL6Um5N32b10p0center
116	Um5	-5.0	32	0.888888888889	10.0	0.100000000000	-0.149735671866	56	0.875000000000	-0.129735671866	m0p129736	0.02	plus_0p02	6	6	0.1	2000	10000	20	3	ccsd	/home/9pm/nUHubbard/runs/gce_mu_L6_L8seed_20260719/attractive/Um5/Ntot032_n0.888889_b10p0_mum0p129736_plus_0p02	916000116	1907193116	Um5_L6_N032_b10p0	initial_L8_seed_pm0p02	scripts_interacting_qmc_ed_ce_gce_eqtime_L8_Um5_three_density_beta20_20260712_manifests_gce_prod_L8_Um5_three_density_all.tsv	muL6Um5N32b10p0plus_0p02
117	Um5	-5.0	32	0.888888888889	20.0	0.050000000000	-0.147709616209	56	0.875000000000	-0.167709616209	m0p167710	-0.02	minus_0p02	6	6	0.1	2000	10000	20	3	ccsd	/home/9pm/nUHubbard/runs/gce_mu_L6_L8seed_20260719/attractive/Um5/Ntot032_n0.888889_b20p0_mum0p167710_minus_0p02	916000117	1907193117	Um5_L6_N032_b20p0	initial_L8_seed_pm0p02	scripts_interacting_qmc_ed_ce_gce_eqtime_L8_Um5_three_density_beta20_20260712_manifests_gce_prod_L8_Um5_three_density_all.tsv	muL6Um5N32b20p0minus_0p02
118	Um5	-5.0	32	0.888888888889	20.0	0.050000000000	-0.147709616209	56	0.875000000000	-0.147709616209	m0p147710	0.00	center	6	6	0.1	2000	10000	20	3	ccsd	/home/9pm/nUHubbard/runs/gce_mu_L6_L8seed_20260719/attractive/Um5/Ntot032_n0.888889_b20p0_mum0p147710_center	916000118	1907193118	Um5_L6_N032_b20p0	initial_L8_seed_pm0p02	scripts_interacting_qmc_ed_ce_gce_eqtime_L8_Um5_three_density_beta20_20260712_manifests_gce_prod_L8_Um5_three_density_all.tsv	muL6Um5N32b20p0center
119	Um5	-5.0	32	0.888888888889	20.0	0.050000000000	-0.147709616209	56	0.875000000000	-0.127709616209	m0p127710	0.02	plus_0p02	6	6	0.1	2000	10000	20	3	ccsd	/home/9pm/nUHubbard/runs/gce_mu_L6_L8seed_20260719/attractive/Um5/Ntot032_n0.888889_b20p0_mum0p127710_plus_0p02	916000119	1907193119	Um5_L6_N032_b20p0	initial_L8_seed_pm0p02	scripts_interacting_qmc_ed_ce_gce_eqtime_L8_Um5_three_density_beta20_20260712_manifests_gce_prod_L8_Um5_three_density_all.tsv	muL6Um5N32b20p0plus_0p02
120	Um3	-3.0	12	0.333333333333	2.0	0.500000000000	-1.420448455508	22	0.343750000000	-1.440448455508	m1p440448	-0.02	minus_0p02	6	6	0.1	2000	10000	20	3	ccsd	/home/9pm/nUHubbard/runs/gce_mu_L6_L8seed_20260719/attractive/Um3/Ntot012_n0.333333_b2p0_mum1p440448_minus_0p02	916000120	1907193120	Um3_L6_N012_b2p0	initial_L8_seed_pm0p02	scripts_interacting_qmc_ed_ce_gce_eqtime_L8_Um3_three_density_beta20_20260712_manifests_gce_prod_L8_Um3_three_density_found29_all.tsv	muL6Um3N12b2p0minus_0p02
121	Um3	-3.0	12	0.333333333333	2.0	0.500000000000	-1.420448455508	22	0.343750000000	-1.420448455508	m1p420448	0.00	center	6	6	0.1	2000	10000	20	3	ccsd	/home/9pm/nUHubbard/runs/gce_mu_L6_L8seed_20260719/attractive/Um3/Ntot012_n0.333333_b2p0_mum1p420448_center	916000121	1907193121	Um3_L6_N012_b2p0	initial_L8_seed_pm0p02	scripts_interacting_qmc_ed_ce_gce_eqtime_L8_Um3_three_density_beta20_20260712_manifests_gce_prod_L8_Um3_three_density_found29_all.tsv	muL6Um3N12b2p0center
122	Um3	-3.0	12	0.333333333333	2.0	0.500000000000	-1.420448455508	22	0.343750000000	-1.400448455508	m1p400448	0.02	plus_0p02	6	6	0.1	2000	10000	20	3	ccsd	/home/9pm/nUHubbard/runs/gce_mu_L6_L8seed_20260719/attractive/Um3/Ntot012_n0.333333_b2p0_mum1p400448_plus_0p02	916000122	1907193122	Um3_L6_N012_b2p0	initial_L8_seed_pm0p02	scripts_interacting_qmc_ed_ce_gce_eqtime_L8_Um3_three_density_beta20_20260712_manifests_gce_prod_L8_Um3_three_density_found29_all.tsv	muL6Um3N12b2p0plus_0p02
123	Um3	-3.0	12	0.333333333333	2.2	0.454545454545	-1.395313150327	22	0.343750000000	-1.415313150327	m1p415313	-0.02	minus_0p02	6	6	0.1	2000	10000	20	3	ccsd	/home/9pm/nUHubbard/runs/gce_mu_L6_L8seed_20260719/attractive/Um3/Ntot012_n0.333333_b2p2_mum1p415313_minus_0p02	916000123	1907193123	Um3_L6_N012_b2p2	initial_L8_seed_pm0p02	scripts_interacting_qmc_ed_ce_gce_eqtime_L8_Um3_three_density_beta20_20260712_manifests_gce_prod_L8_Um3_three_density_found29_all.tsv	muL6Um3N12b2p2minus_0p02
124	Um3	-3.0	12	0.333333333333	2.2	0.454545454545	-1.395313150327	22	0.343750000000	-1.395313150327	m1p395313	0.00	center	6	6	0.1	2000	10000	20	3	ccsd	/home/9pm/nUHubbard/runs/gce_mu_L6_L8seed_20260719/attractive/Um3/Ntot012_n0.333333_b2p2_mum1p395313_center	916000124	1907193124	Um3_L6_N012_b2p2	initial_L8_seed_pm0p02	scripts_interacting_qmc_ed_ce_gce_eqtime_L8_Um3_three_density_beta20_20260712_manifests_gce_prod_L8_Um3_three_density_found29_all.tsv	muL6Um3N12b2p2center
125	Um3	-3.0	12	0.333333333333	2.2	0.454545454545	-1.395313150327	22	0.343750000000	-1.375313150327	m1p375313	0.02	plus_0p02	6	6	0.1	2000	10000	20	3	ccsd	/home/9pm/nUHubbard/runs/gce_mu_L6_L8seed_20260719/attractive/Um3/Ntot012_n0.333333_b2p2_mum1p375313_plus_0p02	916000125	1907193125	Um3_L6_N012_b2p2	initial_L8_seed_pm0p02	scripts_interacting_qmc_ed_ce_gce_eqtime_L8_Um3_three_density_beta20_20260712_manifests_gce_prod_L8_Um3_three_density_found29_all.tsv	muL6Um3N12b2p2plus_0p02
126	Um3	-3.0	12	0.333333333333	2.5	0.400000000000	-1.366618934393	22	0.343750000000	-1.386618934393	m1p386619	-0.02	minus_0p02	6	6	0.1	2000	10000	20	3	ccsd	/home/9pm/nUHubbard/runs/gce_mu_L6_L8seed_20260719/attractive/Um3/Ntot012_n0.333333_b2p5_mum1p386619_minus_0p02	916000126	1907193126	Um3_L6_N012_b2p5	initial_L8_seed_pm0p02	scripts_interacting_qmc_ed_ce_gce_eqtime_L8_Um3_three_density_beta20_20260712_manifests_gce_prod_L8_Um3_three_density_found29_all.tsv	muL6Um3N12b2p5minus_0p02
127	Um3	-3.0	12	0.333333333333	2.5	0.400000000000	-1.366618934393	22	0.343750000000	-1.366618934393	m1p366619	0.00	center	6	6	0.1	2000	10000	20	3	ccsd	/home/9pm/nUHubbard/runs/gce_mu_L6_L8seed_20260719/attractive/Um3/Ntot012_n0.333333_b2p5_mum1p366619_center	916000127	1907193127	Um3_L6_N012_b2p5	initial_L8_seed_pm0p02	scripts_interacting_qmc_ed_ce_gce_eqtime_L8_Um3_three_density_beta20_20260712_manifests_gce_prod_L8_Um3_three_density_found29_all.tsv	muL6Um3N12b2p5center
128	Um3	-3.0	12	0.333333333333	2.5	0.400000000000	-1.366618934393	22	0.343750000000	-1.346618934393	m1p346619	0.02	plus_0p02	6	6	0.1	2000	10000	20	3	ccsd	/home/9pm/nUHubbard/runs/gce_mu_L6_L8seed_20260719/attractive/Um3/Ntot012_n0.333333_b2p5_mum1p346619_plus_0p02	916000128	1907193128	Um3_L6_N012_b2p5	initial_L8_seed_pm0p02	scripts_interacting_qmc_ed_ce_gce_eqtime_L8_Um3_three_density_beta20_20260712_manifests_gce_prod_L8_Um3_three_density_found29_all.tsv	muL6Um3N12b2p5plus_0p02
129	Um3	-3.0	12	0.333333333333	2.9	0.344827586207	-1.338065971776	22	0.343750000000	-1.358065971776	m1p358066	-0.02	minus_0p02	6	6	0.1	2000	10000	20	3	ccsd	/home/9pm/nUHubbard/runs/gce_mu_L6_L8seed_20260719/attractive/Um3/Ntot012_n0.333333_b2p9_mum1p358066_minus_0p02	916000129	1907193129	Um3_L6_N012_b2p9	initial_L8_seed_pm0p02	scripts_interacting_qmc_ed_ce_gce_eqtime_L8_Um3_three_density_beta20_20260712_manifests_gce_prod_L8_Um3_three_density_found29_all.tsv	muL6Um3N12b2p9minus_0p02
130	Um3	-3.0	12	0.333333333333	2.9	0.344827586207	-1.338065971776	22	0.343750000000	-1.338065971776	m1p338066	0.00	center	6	6	0.1	2000	10000	20	3	ccsd	/home/9pm/nUHubbard/runs/gce_mu_L6_L8seed_20260719/attractive/Um3/Ntot012_n0.333333_b2p9_mum1p338066_center	916000130	1907193130	Um3_L6_N012_b2p9	initial_L8_seed_pm0p02	scripts_interacting_qmc_ed_ce_gce_eqtime_L8_Um3_three_density_beta20_20260712_manifests_gce_prod_L8_Um3_three_density_found29_all.tsv	muL6Um3N12b2p9center
131	Um3	-3.0	12	0.333333333333	2.9	0.344827586207	-1.338065971776	22	0.343750000000	-1.318065971776	m1p318066	0.02	plus_0p02	6	6	0.1	2000	10000	20	3	ccsd	/home/9pm/nUHubbard/runs/gce_mu_L6_L8seed_20260719/attractive/Um3/Ntot012_n0.333333_b2p9_mum1p318066_plus_0p02	916000131	1907193131	Um3_L6_N012_b2p9	initial_L8_seed_pm0p02	scripts_interacting_qmc_ed_ce_gce_eqtime_L8_Um3_three_density_beta20_20260712_manifests_gce_prod_L8_Um3_three_density_found29_all.tsv	muL6Um3N12b2p9plus_0p02
132	Um3	-3.0	12	0.333333333333	3.3	0.303030303030	-1.316371051805	22	0.343750000000	-1.336371051805	m1p336371	-0.02	minus_0p02	6	6	0.1	2000	10000	20	3	ccsd	/home/9pm/nUHubbard/runs/gce_mu_L6_L8seed_20260719/attractive/Um3/Ntot012_n0.333333_b3p3_mum1p336371_minus_0p02	916000132	1907193132	Um3_L6_N012_b3p3	initial_L8_seed_pm0p02	scripts_interacting_qmc_ed_ce_gce_eqtime_L8_Um3_three_density_beta20_20260712_manifests_gce_prod_L8_Um3_three_density_found29_all.tsv	muL6Um3N12b3p3minus_0p02
133	Um3	-3.0	12	0.333333333333	3.3	0.303030303030	-1.316371051805	22	0.343750000000	-1.316371051805	m1p316371	0.00	center	6	6	0.1	2000	10000	20	3	ccsd	/home/9pm/nUHubbard/runs/gce_mu_L6_L8seed_20260719/attractive/Um3/Ntot012_n0.333333_b3p3_mum1p316371_center	916000133	1907193133	Um3_L6_N012_b3p3	initial_L8_seed_pm0p02	scripts_interacting_qmc_ed_ce_gce_eqtime_L8_Um3_three_density_beta20_20260712_manifests_gce_prod_L8_Um3_three_density_found29_all.tsv	muL6Um3N12b3p3center
134	Um3	-3.0	12	0.333333333333	3.3	0.303030303030	-1.316371051805	22	0.343750000000	-1.296371051805	m1p296371	0.02	plus_0p02	6	6	0.1	2000	10000	20	3	ccsd	/home/9pm/nUHubbard/runs/gce_mu_L6_L8seed_20260719/attractive/Um3/Ntot012_n0.333333_b3p3_mum1p296371_plus_0p02	916000134	1907193134	Um3_L6_N012_b3p3	initial_L8_seed_pm0p02	scripts_interacting_qmc_ed_ce_gce_eqtime_L8_Um3_three_density_beta20_20260712_manifests_gce_prod_L8_Um3_three_density_found29_all.tsv	muL6Um3N12b3p3plus_0p02
135	Um3	-3.0	12	0.333333333333	4.0	0.250000000000	-1.286724073715	22	0.343750000000	-1.306724073715	m1p306724	-0.02	minus_0p02	6	6	0.1	2000	10000	20	3	ccsd	/home/9pm/nUHubbard/runs/gce_mu_L6_L8seed_20260719/attractive/Um3/Ntot012_n0.333333_b4p0_mum1p306724_minus_0p02	916000135	1907193135	Um3_L6_N012_b4p0	initial_L8_seed_pm0p02	scripts_interacting_qmc_ed_ce_gce_eqtime_L8_Um3_three_density_beta20_20260712_manifests_gce_prod_L8_Um3_three_density_found29_all.tsv	muL6Um3N12b4p0minus_0p02
136	Um3	-3.0	12	0.333333333333	4.0	0.250000000000	-1.286724073715	22	0.343750000000	-1.286724073715	m1p286724	0.00	center	6	6	0.1	2000	10000	20	3	ccsd	/home/9pm/nUHubbard/runs/gce_mu_L6_L8seed_20260719/attractive/Um3/Ntot012_n0.333333_b4p0_mum1p286724_center	916000136	1907193136	Um3_L6_N012_b4p0	initial_L8_seed_pm0p02	scripts_interacting_qmc_ed_ce_gce_eqtime_L8_Um3_three_density_beta20_20260712_manifests_gce_prod_L8_Um3_three_density_found29_all.tsv	muL6Um3N12b4p0center
137	Um3	-3.0	12	0.333333333333	4.0	0.250000000000	-1.286724073715	22	0.343750000000	-1.266724073715	m1p266724	0.02	plus_0p02	6	6	0.1	2000	10000	20	3	ccsd	/home/9pm/nUHubbard/runs/gce_mu_L6_L8seed_20260719/attractive/Um3/Ntot012_n0.333333_b4p0_mum1p266724_plus_0p02	916000137	1907193137	Um3_L6_N012_b4p0	initial_L8_seed_pm0p02	scripts_interacting_qmc_ed_ce_gce_eqtime_L8_Um3_three_density_beta20_20260712_manifests_gce_prod_L8_Um3_three_density_found29_all.tsv	muL6Um3N12b4p0plus_0p02
138	Um3	-3.0	12	0.333333333333	5.0	0.200000000000	-1.255785763873	22	0.343750000000	-1.275785763873	m1p275786	-0.02	minus_0p02	6	6	0.1	2000	10000	20	3	ccsd	/home/9pm/nUHubbard/runs/gce_mu_L6_L8seed_20260719/attractive/Um3/Ntot012_n0.333333_b5p0_mum1p275786_minus_0p02	916000138	1907193138	Um3_L6_N012_b5p0	initial_L8_seed_pm0p02	scripts_interacting_qmc_ed_ce_gce_eqtime_L8_Um3_three_density_beta20_20260712_manifests_gce_prod_L8_Um3_three_density_found29_all.tsv	muL6Um3N12b5p0minus_0p02
139	Um3	-3.0	12	0.333333333333	5.0	0.200000000000	-1.255785763873	22	0.343750000000	-1.255785763873	m1p255786	0.00	center	6	6	0.1	2000	10000	20	3	ccsd	/home/9pm/nUHubbard/runs/gce_mu_L6_L8seed_20260719/attractive/Um3/Ntot012_n0.333333_b5p0_mum1p255786_center	916000139	1907193139	Um3_L6_N012_b5p0	initial_L8_seed_pm0p02	scripts_interacting_qmc_ed_ce_gce_eqtime_L8_Um3_three_density_beta20_20260712_manifests_gce_prod_L8_Um3_three_density_found29_all.tsv	muL6Um3N12b5p0center
140	Um3	-3.0	12	0.333333333333	5.0	0.200000000000	-1.255785763873	22	0.343750000000	-1.235785763873	m1p235786	0.02	plus_0p02	6	6	0.1	2000	10000	20	3	ccsd	/home/9pm/nUHubbard/runs/gce_mu_L6_L8seed_20260719/attractive/Um3/Ntot012_n0.333333_b5p0_mum1p235786_plus_0p02	916000140	1907193140	Um3_L6_N012_b5p0	initial_L8_seed_pm0p02	scripts_interacting_qmc_ed_ce_gce_eqtime_L8_Um3_three_density_beta20_20260712_manifests_gce_prod_L8_Um3_three_density_found29_all.tsv	muL6Um3N12b5p0plus_0p02
141	Um3	-3.0	12	0.333333333333	6.7	0.149253731343	-1.224782483323	22	0.343750000000	-1.244782483323	m1p244782	-0.02	minus_0p02	6	6	0.1	2000	10000	20	3	ccsd	/home/9pm/nUHubbard/runs/gce_mu_L6_L8seed_20260719/attractive/Um3/Ntot012_n0.333333_b6p7_mum1p244782_minus_0p02	916000141	1907193141	Um3_L6_N012_b6p7	initial_L8_seed_pm0p02	scripts_interacting_qmc_ed_ce_gce_eqtime_L8_Um3_three_density_beta20_20260712_manifests_gce_prod_L8_Um3_three_density_found29_all.tsv	muL6Um3N12b6p7minus_0p02
142	Um3	-3.0	12	0.333333333333	6.7	0.149253731343	-1.224782483323	22	0.343750000000	-1.224782483323	m1p224782	0.00	center	6	6	0.1	2000	10000	20	3	ccsd	/home/9pm/nUHubbard/runs/gce_mu_L6_L8seed_20260719/attractive/Um3/Ntot012_n0.333333_b6p7_mum1p224782_center	916000142	1907193142	Um3_L6_N012_b6p7	initial_L8_seed_pm0p02	scripts_interacting_qmc_ed_ce_gce_eqtime_L8_Um3_three_density_beta20_20260712_manifests_gce_prod_L8_Um3_three_density_found29_all.tsv	muL6Um3N12b6p7center
143	Um3	-3.0	12	0.333333333333	6.7	0.149253731343	-1.224782483323	22	0.343750000000	-1.204782483323	m1p204782	0.02	plus_0p02	6	6	0.1	2000	10000	20	3	ccsd	/home/9pm/nUHubbard/runs/gce_mu_L6_L8seed_20260719/attractive/Um3/Ntot012_n0.333333_b6p7_mum1p204782_plus_0p02	916000143	1907193143	Um3_L6_N012_b6p7	initial_L8_seed_pm0p02	scripts_interacting_qmc_ed_ce_gce_eqtime_L8_Um3_three_density_beta20_20260712_manifests_gce_prod_L8_Um3_three_density_found29_all.tsv	muL6Um3N12b6p7plus_0p02
144	Um3	-3.0	12	0.333333333333	10.0	0.100000000000	-1.207415996337	22	0.343750000000	-1.227415996337	m1p227416	-0.02	minus_0p02	6	6	0.1	2000	10000	20	3	ccsd	/home/9pm/nUHubbard/runs/gce_mu_L6_L8seed_20260719/attractive/Um3/Ntot012_n0.333333_b10p0_mum1p227416_minus_0p02	916000144	1907193144	Um3_L6_N012_b10p0	initial_L8_seed_pm0p02	scripts_interacting_qmc_ed_ce_gce_eqtime_L8_Um3_three_density_beta20_20260712_manifests_gce_prod_L8_Um3_three_density_found29_all.tsv	muL6Um3N12b10p0minus_0p02
145	Um3	-3.0	12	0.333333333333	10.0	0.100000000000	-1.207415996337	22	0.343750000000	-1.207415996337	m1p207416	0.00	center	6	6	0.1	2000	10000	20	3	ccsd	/home/9pm/nUHubbard/runs/gce_mu_L6_L8seed_20260719/attractive/Um3/Ntot012_n0.333333_b10p0_mum1p207416_center	916000145	1907193145	Um3_L6_N012_b10p0	initial_L8_seed_pm0p02	scripts_interacting_qmc_ed_ce_gce_eqtime_L8_Um3_three_density_beta20_20260712_manifests_gce_prod_L8_Um3_three_density_found29_all.tsv	muL6Um3N12b10p0center
146	Um3	-3.0	12	0.333333333333	10.0	0.100000000000	-1.207415996337	22	0.343750000000	-1.187415996337	m1p187416	0.02	plus_0p02	6	6	0.1	2000	10000	20	3	ccsd	/home/9pm/nUHubbard/runs/gce_mu_L6_L8seed_20260719/attractive/Um3/Ntot012_n0.333333_b10p0_mum1p187416_plus_0p02	916000146	1907193146	Um3_L6_N012_b10p0	initial_L8_seed_pm0p02	scripts_interacting_qmc_ed_ce_gce_eqtime_L8_Um3_three_density_beta20_20260712_manifests_gce_prod_L8_Um3_three_density_found29_all.tsv	muL6Um3N12b10p0plus_0p02
147	Um3	-3.0	12	0.333333333333	20.0	0.050000000000	-1.206860486707	22	0.343750000000	-1.226860486707	m1p226860	-0.02	minus_0p02	6	6	0.1	2000	10000	20	3	ccsd	/home/9pm/nUHubbard/runs/gce_mu_L6_L8seed_20260719/attractive/Um3/Ntot012_n0.333333_b20p0_mum1p226860_minus_0p02	916000147	1907193147	Um3_L6_N012_b20p0	initial_L8_seed_pm0p02	scripts_interacting_qmc_ed_ce_gce_eqtime_L8_Um3_three_density_beta20_20260712_manifests_gce_prod_L8_Um3_three_density_found29_all.tsv	muL6Um3N12b20p0minus_0p02
148	Um3	-3.0	12	0.333333333333	20.0	0.050000000000	-1.206860486707	22	0.343750000000	-1.206860486707	m1p206860	0.00	center	6	6	0.1	2000	10000	20	3	ccsd	/home/9pm/nUHubbard/runs/gce_mu_L6_L8seed_20260719/attractive/Um3/Ntot012_n0.333333_b20p0_mum1p206860_center	916000148	1907193148	Um3_L6_N012_b20p0	initial_L8_seed_pm0p02	scripts_interacting_qmc_ed_ce_gce_eqtime_L8_Um3_three_density_beta20_20260712_manifests_gce_prod_L8_Um3_three_density_found29_all.tsv	muL6Um3N12b20p0center
149	Um3	-3.0	12	0.333333333333	20.0	0.050000000000	-1.206860486707	22	0.343750000000	-1.186860486707	m1p186860	0.02	plus_0p02	6	6	0.1	2000	10000	20	3	ccsd	/home/9pm/nUHubbard/runs/gce_mu_L6_L8seed_20260719/attractive/Um3/Ntot012_n0.333333_b20p0_mum1p186860_plus_0p02	916000149	1907193149	Um3_L6_N012_b20p0	initial_L8_seed_pm0p02	scripts_interacting_qmc_ed_ce_gce_eqtime_L8_Um3_three_density_beta20_20260712_manifests_gce_prod_L8_Um3_three_density_found29_all.tsv	muL6Um3N12b20p0plus_0p02
150	Um3	-3.0	18	0.500000000000	2.0	0.500000000000	-0.995097511979	32	0.500000000000	-1.015097511979	m1p015098	-0.02	minus_0p02	6	6	0.1	2000	10000	20	3	ccsd	/home/9pm/nUHubbard/runs/gce_mu_L6_L8seed_20260719/attractive/Um3/Ntot018_n0.500000_b2p0_mum1p015098_minus_0p02	916000150	1907193150	Um3_L6_N018_b2p0	initial_L8_seed_pm0p02	scripts_interacting_qmc_ed_ce_gce_eqtime_L8_Um3_three_density_beta20_20260712_manifests_gce_prod_L8_Um3_three_density_found29_all.tsv	muL6Um3N18b2p0minus_0p02
151	Um3	-3.0	18	0.500000000000	2.0	0.500000000000	-0.995097511979	32	0.500000000000	-0.995097511979	m0p995098	0.00	center	6	6	0.1	2000	10000	20	3	ccsd	/home/9pm/nUHubbard/runs/gce_mu_L6_L8seed_20260719/attractive/Um3/Ntot018_n0.500000_b2p0_mum0p995098_center	916000151	1907193151	Um3_L6_N018_b2p0	initial_L8_seed_pm0p02	scripts_interacting_qmc_ed_ce_gce_eqtime_L8_Um3_three_density_beta20_20260712_manifests_gce_prod_L8_Um3_three_density_found29_all.tsv	muL6Um3N18b2p0center
152	Um3	-3.0	18	0.500000000000	2.0	0.500000000000	-0.995097511979	32	0.500000000000	-0.975097511979	m0p975098	0.02	plus_0p02	6	6	0.1	2000	10000	20	3	ccsd	/home/9pm/nUHubbard/runs/gce_mu_L6_L8seed_20260719/attractive/Um3/Ntot018_n0.500000_b2p0_mum0p975098_plus_0p02	916000152	1907193152	Um3_L6_N018_b2p0	initial_L8_seed_pm0p02	scripts_interacting_qmc_ed_ce_gce_eqtime_L8_Um3_three_density_beta20_20260712_manifests_gce_prod_L8_Um3_three_density_found29_all.tsv	muL6Um3N18b2p0plus_0p02
153	Um3	-3.0	18	0.500000000000	2.2	0.454545454545	-0.974689258989	32	0.500000000000	-0.994689258989	m0p994689	-0.02	minus_0p02	6	6	0.1	2000	10000	20	3	ccsd	/home/9pm/nUHubbard/runs/gce_mu_L6_L8seed_20260719/attractive/Um3/Ntot018_n0.500000_b2p2_mum0p994689_minus_0p02	916000153	1907193153	Um3_L6_N018_b2p2	initial_L8_seed_pm0p02	scripts_interacting_qmc_ed_ce_gce_eqtime_L8_Um3_three_density_beta20_20260712_manifests_gce_prod_L8_Um3_three_density_found29_all.tsv	muL6Um3N18b2p2minus_0p02
154	Um3	-3.0	18	0.500000000000	2.2	0.454545454545	-0.974689258989	32	0.500000000000	-0.974689258989	m0p974689	0.00	center	6	6	0.1	2000	10000	20	3	ccsd	/home/9pm/nUHubbard/runs/gce_mu_L6_L8seed_20260719/attractive/Um3/Ntot018_n0.500000_b2p2_mum0p974689_center	916000154	1907193154	Um3_L6_N018_b2p2	initial_L8_seed_pm0p02	scripts_interacting_qmc_ed_ce_gce_eqtime_L8_Um3_three_density_beta20_20260712_manifests_gce_prod_L8_Um3_three_density_found29_all.tsv	muL6Um3N18b2p2center
155	Um3	-3.0	18	0.500000000000	2.2	0.454545454545	-0.974689258989	32	0.500000000000	-0.954689258989	m0p954689	0.02	plus_0p02	6	6	0.1	2000	10000	20	3	ccsd	/home/9pm/nUHubbard/runs/gce_mu_L6_L8seed_20260719/attractive/Um3/Ntot018_n0.500000_b2p2_mum0p954689_plus_0p02	916000155	1907193155	Um3_L6_N018_b2p2	initial_L8_seed_pm0p02	scripts_interacting_qmc_ed_ce_gce_eqtime_L8_Um3_three_density_beta20_20260712_manifests_gce_prod_L8_Um3_three_density_found29_all.tsv	muL6Um3N18b2p2plus_0p02
156	Um3	-3.0	18	0.500000000000	2.5	0.400000000000	-0.952409046870	32	0.500000000000	-0.972409046870	m0p972409	-0.02	minus_0p02	6	6	0.1	2000	10000	20	3	ccsd	/home/9pm/nUHubbard/runs/gce_mu_L6_L8seed_20260719/attractive/Um3/Ntot018_n0.500000_b2p5_mum0p972409_minus_0p02	916000156	1907193156	Um3_L6_N018_b2p5	initial_L8_seed_pm0p02	scripts_interacting_qmc_ed_ce_gce_eqtime_L8_Um3_three_density_beta20_20260712_manifests_gce_prod_L8_Um3_three_density_found29_all.tsv	muL6Um3N18b2p5minus_0p02
157	Um3	-3.0	18	0.500000000000	2.5	0.400000000000	-0.952409046870	32	0.500000000000	-0.952409046870	m0p952409	0.00	center	6	6	0.1	2000	10000	20	3	ccsd	/home/9pm/nUHubbard/runs/gce_mu_L6_L8seed_20260719/attractive/Um3/Ntot018_n0.500000_b2p5_mum0p952409_center	916000157	1907193157	Um3_L6_N018_b2p5	initial_L8_seed_pm0p02	scripts_interacting_qmc_ed_ce_gce_eqtime_L8_Um3_three_density_beta20_20260712_manifests_gce_prod_L8_Um3_three_density_found29_all.tsv	muL6Um3N18b2p5center
158	Um3	-3.0	18	0.500000000000	2.5	0.400000000000	-0.952409046870	32	0.500000000000	-0.932409046870	m0p932409	0.02	plus_0p02	6	6	0.1	2000	10000	20	3	ccsd	/home/9pm/nUHubbard/runs/gce_mu_L6_L8seed_20260719/attractive/Um3/Ntot018_n0.500000_b2p5_mum0p932409_plus_0p02	916000158	1907193158	Um3_L6_N018_b2p5	initial_L8_seed_pm0p02	scripts_interacting_qmc_ed_ce_gce_eqtime_L8_Um3_three_density_beta20_20260712_manifests_gce_prod_L8_Um3_three_density_found29_all.tsv	muL6Um3N18b2p5plus_0p02
159	Um3	-3.0	18	0.500000000000	2.9	0.344827586207	-0.932970039959	32	0.500000000000	-0.952970039959	m0p952970	-0.02	minus_0p02	6	6	0.1	2000	10000	20	3	ccsd	/home/9pm/nUHubbard/runs/gce_mu_L6_L8seed_20260719/attractive/Um3/Ntot018_n0.500000_b2p9_mum0p952970_minus_0p02	916000159	1907193159	Um3_L6_N018_b2p9	initial_L8_seed_pm0p02	scripts_interacting_qmc_ed_ce_gce_eqtime_L8_Um3_three_density_beta20_20260712_manifests_gce_prod_L8_Um3_three_density_found29_all.tsv	muL6Um3N18b2p9minus_0p02
160	Um3	-3.0	18	0.500000000000	2.9	0.344827586207	-0.932970039959	32	0.500000000000	-0.932970039959	m0p932970	0.00	center	6	6	0.1	2000	10000	20	3	ccsd	/home/9pm/nUHubbard/runs/gce_mu_L6_L8seed_20260719/attractive/Um3/Ntot018_n0.500000_b2p9_mum0p932970_center	916000160	1907193160	Um3_L6_N018_b2p9	initial_L8_seed_pm0p02	scripts_interacting_qmc_ed_ce_gce_eqtime_L8_Um3_three_density_beta20_20260712_manifests_gce_prod_L8_Um3_three_density_found29_all.tsv	muL6Um3N18b2p9center
161	Um3	-3.0	18	0.500000000000	2.9	0.344827586207	-0.932970039959	32	0.500000000000	-0.912970039959	m0p912970	0.02	plus_0p02	6	6	0.1	2000	10000	20	3	ccsd	/home/9pm/nUHubbard/runs/gce_mu_L6_L8seed_20260719/attractive/Um3/Ntot018_n0.500000_b2p9_mum0p912970_plus_0p02	916000161	1907193161	Um3_L6_N018_b2p9	initial_L8_seed_pm0p02	scripts_interacting_qmc_ed_ce_gce_eqtime_L8_Um3_three_density_beta20_20260712_manifests_gce_prod_L8_Um3_three_density_found29_all.tsv	muL6Um3N18b2p9plus_0p02
162	Um3	-3.0	18	0.500000000000	3.3	0.303030303030	-0.921189864367	32	0.500000000000	-0.941189864367	m0p941190	-0.02	minus_0p02	6	6	0.1	2000	10000	20	3	ccsd	/home/9pm/nUHubbard/runs/gce_mu_L6_L8seed_20260719/attractive/Um3/Ntot018_n0.500000_b3p3_mum0p941190_minus_0p02	916000162	1907193162	Um3_L6_N018_b3p3	initial_L8_seed_pm0p02	scripts_interacting_qmc_ed_ce_gce_eqtime_L8_Um3_three_density_beta20_20260712_manifests_gce_prod_L8_Um3_three_density_found29_all.tsv	muL6Um3N18b3p3minus_0p02
163	Um3	-3.0	18	0.500000000000	3.3	0.303030303030	-0.921189864367	32	0.500000000000	-0.921189864367	m0p921190	0.00	center	6	6	0.1	2000	10000	20	3	ccsd	/home/9pm/nUHubbard/runs/gce_mu_L6_L8seed_20260719/attractive/Um3/Ntot018_n0.500000_b3p3_mum0p921190_center	916000163	1907193163	Um3_L6_N018_b3p3	initial_L8_seed_pm0p02	scripts_interacting_qmc_ed_ce_gce_eqtime_L8_Um3_three_density_beta20_20260712_manifests_gce_prod_L8_Um3_three_density_found29_all.tsv	muL6Um3N18b3p3center
164	Um3	-3.0	18	0.500000000000	3.3	0.303030303030	-0.921189864367	32	0.500000000000	-0.901189864367	m0p901190	0.02	plus_0p02	6	6	0.1	2000	10000	20	3	ccsd	/home/9pm/nUHubbard/runs/gce_mu_L6_L8seed_20260719/attractive/Um3/Ntot018_n0.500000_b3p3_mum0p901190_plus_0p02	916000164	1907193164	Um3_L6_N018_b3p3	initial_L8_seed_pm0p02	scripts_interacting_qmc_ed_ce_gce_eqtime_L8_Um3_three_density_beta20_20260712_manifests_gce_prod_L8_Um3_three_density_found29_all.tsv	muL6Um3N18b3p3plus_0p02
165	Um3	-3.0	18	0.500000000000	4.0	0.250000000000	-0.910117561257	32	0.500000000000	-0.930117561257	m0p930118	-0.02	minus_0p02	6	6	0.1	2000	10000	20	3	ccsd	/home/9pm/nUHubbard/runs/gce_mu_L6_L8seed_20260719/attractive/Um3/Ntot018_n0.500000_b4p0_mum0p930118_minus_0p02	916000165	1907193165	Um3_L6_N018_b4p0	initial_L8_seed_pm0p02	scripts_interacting_qmc_ed_ce_gce_eqtime_L8_Um3_three_density_beta20_20260712_manifests_gce_prod_L8_Um3_three_density_found29_all.tsv	muL6Um3N18b4p0minus_0p02
166	Um3	-3.0	18	0.500000000000	4.0	0.250000000000	-0.910117561257	32	0.500000000000	-0.910117561257	m0p910118	0.00	center	6	6	0.1	2000	10000	20	3	ccsd	/home/9pm/nUHubbard/runs/gce_mu_L6_L8seed_20260719/attractive/Um3/Ntot018_n0.500000_b4p0_mum0p910118_center	916000166	1907193166	Um3_L6_N018_b4p0	initial_L8_seed_pm0p02	scripts_interacting_qmc_ed_ce_gce_eqtime_L8_Um3_three_density_beta20_20260712_manifests_gce_prod_L8_Um3_three_density_found29_all.tsv	muL6Um3N18b4p0center
167	Um3	-3.0	18	0.500000000000	4.0	0.250000000000	-0.910117561257	32	0.500000000000	-0.890117561257	m0p890118	0.02	plus_0p02	6	6	0.1	2000	10000	20	3	ccsd	/home/9pm/nUHubbard/runs/gce_mu_L6_L8seed_20260719/attractive/Um3/Ntot018_n0.500000_b4p0_mum0p890118_plus_0p02	916000167	1907193167	Um3_L6_N018_b4p0	initial_L8_seed_pm0p02	scripts_interacting_qmc_ed_ce_gce_eqtime_L8_Um3_three_density_beta20_20260712_manifests_gce_prod_L8_Um3_three_density_found29_all.tsv	muL6Um3N18b4p0plus_0p02
168	Um3	-3.0	18	0.500000000000	5.0	0.200000000000	-0.903510157660	32	0.500000000000	-0.923510157660	m0p923510	-0.02	minus_0p02	6	6	0.1	2000	10000	20	3	ccsd	/home/9pm/nUHubbard/runs/gce_mu_L6_L8seed_20260719/attractive/Um3/Ntot018_n0.500000_b5p0_mum0p923510_minus_0p02	916000168	1907193168	Um3_L6_N018_b5p0	initial_L8_seed_pm0p02	scripts_interacting_qmc_ed_ce_gce_eqtime_L8_Um3_three_density_beta20_20260712_manifests_gce_prod_L8_Um3_three_density_found29_all.tsv	muL6Um3N18b5p0minus_0p02
169	Um3	-3.0	18	0.500000000000	5.0	0.200000000000	-0.903510157660	32	0.500000000000	-0.903510157660	m0p903510	0.00	center	6	6	0.1	2000	10000	20	3	ccsd	/home/9pm/nUHubbard/runs/gce_mu_L6_L8seed_20260719/attractive/Um3/Ntot018_n0.500000_b5p0_mum0p903510_center	916000169	1907193169	Um3_L6_N018_b5p0	initial_L8_seed_pm0p02	scripts_interacting_qmc_ed_ce_gce_eqtime_L8_Um3_three_density_beta20_20260712_manifests_gce_prod_L8_Um3_three_density_found29_all.tsv	muL6Um3N18b5p0center
170	Um3	-3.0	18	0.500000000000	5.0	0.200000000000	-0.903510157660	32	0.500000000000	-0.883510157660	m0p883510	0.02	plus_0p02	6	6	0.1	2000	10000	20	3	ccsd	/home/9pm/nUHubbard/runs/gce_mu_L6_L8seed_20260719/attractive/Um3/Ntot018_n0.500000_b5p0_mum0p883510_plus_0p02	916000170	1907193170	Um3_L6_N018_b5p0	initial_L8_seed_pm0p02	scripts_interacting_qmc_ed_ce_gce_eqtime_L8_Um3_three_density_beta20_20260712_manifests_gce_prod_L8_Um3_three_density_found29_all.tsv	muL6Um3N18b5p0plus_0p02
171	Um3	-3.0	18	0.500000000000	6.7	0.149253731343	-0.898528780395	32	0.500000000000	-0.918528780395	m0p918529	-0.02	minus_0p02	6	6	0.1	2000	10000	20	3	ccsd	/home/9pm/nUHubbard/runs/gce_mu_L6_L8seed_20260719/attractive/Um3/Ntot018_n0.500000_b6p7_mum0p918529_minus_0p02	916000171	1907193171	Um3_L6_N018_b6p7	initial_L8_seed_pm0p02	scripts_interacting_qmc_ed_ce_gce_eqtime_L8_Um3_three_density_beta20_20260712_manifests_gce_prod_L8_Um3_three_density_found29_all.tsv	muL6Um3N18b6p7minus_0p02
172	Um3	-3.0	18	0.500000000000	6.7	0.149253731343	-0.898528780395	32	0.500000000000	-0.898528780395	m0p898529	0.00	center	6	6	0.1	2000	10000	20	3	ccsd	/home/9pm/nUHubbard/runs/gce_mu_L6_L8seed_20260719/attractive/Um3/Ntot018_n0.500000_b6p7_mum0p898529_center	916000172	1907193172	Um3_L6_N018_b6p7	initial_L8_seed_pm0p02	scripts_interacting_qmc_ed_ce_gce_eqtime_L8_Um3_three_density_beta20_20260712_manifests_gce_prod_L8_Um3_three_density_found29_all.tsv	muL6Um3N18b6p7center
173	Um3	-3.0	18	0.500000000000	6.7	0.149253731343	-0.898528780395	32	0.500000000000	-0.878528780395	m0p878529	0.02	plus_0p02	6	6	0.1	2000	10000	20	3	ccsd	/home/9pm/nUHubbard/runs/gce_mu_L6_L8seed_20260719/attractive/Um3/Ntot018_n0.500000_b6p7_mum0p878529_plus_0p02	916000173	1907193173	Um3_L6_N018_b6p7	initial_L8_seed_pm0p02	scripts_interacting_qmc_ed_ce_gce_eqtime_L8_Um3_three_density_beta20_20260712_manifests_gce_prod_L8_Um3_three_density_found29_all.tsv	muL6Um3N18b6p7plus_0p02
174	Um3	-3.0	18	0.500000000000	10.0	0.100000000000	-0.892327158267	32	0.500000000000	-0.912327158267	m0p912327	-0.02	minus_0p02	6	6	0.1	2000	10000	20	3	ccsd	/home/9pm/nUHubbard/runs/gce_mu_L6_L8seed_20260719/attractive/Um3/Ntot018_n0.500000_b10p0_mum0p912327_minus_0p02	916000174	1907193174	Um3_L6_N018_b10p0	initial_L8_seed_pm0p02	scripts_interacting_qmc_ed_ce_gce_eqtime_L8_Um3_three_density_beta20_20260712_manifests_gce_prod_L8_Um3_three_density_found29_all.tsv	muL6Um3N18b10p0minus_0p02
175	Um3	-3.0	18	0.500000000000	10.0	0.100000000000	-0.892327158267	32	0.500000000000	-0.892327158267	m0p892327	0.00	center	6	6	0.1	2000	10000	20	3	ccsd	/home/9pm/nUHubbard/runs/gce_mu_L6_L8seed_20260719/attractive/Um3/Ntot018_n0.500000_b10p0_mum0p892327_center	916000175	1907193175	Um3_L6_N018_b10p0	initial_L8_seed_pm0p02	scripts_interacting_qmc_ed_ce_gce_eqtime_L8_Um3_three_density_beta20_20260712_manifests_gce_prod_L8_Um3_three_density_found29_all.tsv	muL6Um3N18b10p0center
176	Um3	-3.0	18	0.500000000000	10.0	0.100000000000	-0.892327158267	32	0.500000000000	-0.872327158267	m0p872327	0.02	plus_0p02	6	6	0.1	2000	10000	20	3	ccsd	/home/9pm/nUHubbard/runs/gce_mu_L6_L8seed_20260719/attractive/Um3/Ntot018_n0.500000_b10p0_mum0p872327_plus_0p02	916000176	1907193176	Um3_L6_N018_b10p0	initial_L8_seed_pm0p02	scripts_interacting_qmc_ed_ce_gce_eqtime_L8_Um3_three_density_beta20_20260712_manifests_gce_prod_L8_Um3_three_density_found29_all.tsv	muL6Um3N18b10p0plus_0p02
177	Um3	-3.0	18	0.500000000000	20.0	0.050000000000	-0.888926365689	32	0.500000000000	-0.908926365689	m0p908926	-0.02	minus_0p02	6	6	0.1	2000	10000	20	3	ccsd	/home/9pm/nUHubbard/runs/gce_mu_L6_L8seed_20260719/attractive/Um3/Ntot018_n0.500000_b20p0_mum0p908926_minus_0p02	916000177	1907193177	Um3_L6_N018_b20p0	initial_L8_seed_pm0p02	scripts_interacting_qmc_ed_ce_gce_eqtime_L8_Um3_three_density_beta20_20260712_manifests_gce_prod_L8_Um3_three_density_remaining_N32_beta20_cnms.tsv	muL6Um3N18b20p0minus_0p02
178	Um3	-3.0	18	0.500000000000	20.0	0.050000000000	-0.888926365689	32	0.500000000000	-0.888926365689	m0p888926	0.00	center	6	6	0.1	2000	10000	20	3	ccsd	/home/9pm/nUHubbard/runs/gce_mu_L6_L8seed_20260719/attractive/Um3/Ntot018_n0.500000_b20p0_mum0p888926_center	916000178	1907193178	Um3_L6_N018_b20p0	initial_L8_seed_pm0p02	scripts_interacting_qmc_ed_ce_gce_eqtime_L8_Um3_three_density_beta20_20260712_manifests_gce_prod_L8_Um3_three_density_remaining_N32_beta20_cnms.tsv	muL6Um3N18b20p0center
179	Um3	-3.0	18	0.500000000000	20.0	0.050000000000	-0.888926365689	32	0.500000000000	-0.868926365689	m0p868926	0.02	plus_0p02	6	6	0.1	2000	10000	20	3	ccsd	/home/9pm/nUHubbard/runs/gce_mu_L6_L8seed_20260719/attractive/Um3/Ntot018_n0.500000_b20p0_mum0p868926_plus_0p02	916000179	1907193179	Um3_L6_N018_b20p0	initial_L8_seed_pm0p02	scripts_interacting_qmc_ed_ce_gce_eqtime_L8_Um3_three_density_beta20_20260712_manifests_gce_prod_L8_Um3_three_density_remaining_N32_beta20_cnms.tsv	muL6Um3N18b20p0plus_0p02
180	Um3	-3.0	26	0.722222222222	2.0	0.500000000000	-0.512139415341	46	0.718750000000	-0.532139415341	m0p532139	-0.02	minus_0p02	6	6	0.1	2000	10000	20	3	ccsd	/home/9pm/nUHubbard/runs/gce_mu_L6_L8seed_20260719/attractive/Um3/Ntot026_n0.722222_b2p0_mum0p532139_minus_0p02	916000180	1907193180	Um3_L6_N026_b2p0	initial_L8_seed_pm0p02	scripts_interacting_qmc_ed_gce_prod_L8_found_mu_N46_allU_Up5small_beta_le10_20260713_manifests_gce_prod_L8_found_mu_attractive_20260713_all.tsv	muL6Um3N26b2p0minus_0p02
181	Um3	-3.0	26	0.722222222222	2.0	0.500000000000	-0.512139415341	46	0.718750000000	-0.512139415341	m0p512139	0.00	center	6	6	0.1	2000	10000	20	3	ccsd	/home/9pm/nUHubbard/runs/gce_mu_L6_L8seed_20260719/attractive/Um3/Ntot026_n0.722222_b2p0_mum0p512139_center	916000181	1907193181	Um3_L6_N026_b2p0	initial_L8_seed_pm0p02	scripts_interacting_qmc_ed_gce_prod_L8_found_mu_N46_allU_Up5small_beta_le10_20260713_manifests_gce_prod_L8_found_mu_attractive_20260713_all.tsv	muL6Um3N26b2p0center
182	Um3	-3.0	26	0.722222222222	2.0	0.500000000000	-0.512139415341	46	0.718750000000	-0.492139415341	m0p492139	0.02	plus_0p02	6	6	0.1	2000	10000	20	3	ccsd	/home/9pm/nUHubbard/runs/gce_mu_L6_L8seed_20260719/attractive/Um3/Ntot026_n0.722222_b2p0_mum0p492139_plus_0p02	916000182	1907193182	Um3_L6_N026_b2p0	initial_L8_seed_pm0p02	scripts_interacting_qmc_ed_gce_prod_L8_found_mu_N46_allU_Up5small_beta_le10_20260713_manifests_gce_prod_L8_found_mu_attractive_20260713_all.tsv	muL6Um3N26b2p0plus_0p02
183	Um3	-3.0	26	0.722222222222	2.2	0.454545454545	-0.497167820575	46	0.718750000000	-0.517167820575	m0p517168	-0.02	minus_0p02	6	6	0.1	2000	10000	20	3	ccsd	/home/9pm/nUHubbard/runs/gce_mu_L6_L8seed_20260719/attractive/Um3/Ntot026_n0.722222_b2p2_mum0p517168_minus_0p02	916000183	1907193183	Um3_L6_N026_b2p2	initial_L8_seed_pm0p02	scripts_interacting_qmc_ed_gce_prod_L8_found_mu_N46_allU_Up5small_beta_le10_20260713_manifests_gce_prod_L8_found_mu_attractive_20260713_all.tsv	muL6Um3N26b2p2minus_0p02
184	Um3	-3.0	26	0.722222222222	2.2	0.454545454545	-0.497167820575	46	0.718750000000	-0.497167820575	m0p497168	0.00	center	6	6	0.1	2000	10000	20	3	ccsd	/home/9pm/nUHubbard/runs/gce_mu_L6_L8seed_20260719/attractive/Um3/Ntot026_n0.722222_b2p2_mum0p497168_center	916000184	1907193184	Um3_L6_N026_b2p2	initial_L8_seed_pm0p02	scripts_interacting_qmc_ed_gce_prod_L8_found_mu_N46_allU_Up5small_beta_le10_20260713_manifests_gce_prod_L8_found_mu_attractive_20260713_all.tsv	muL6Um3N26b2p2center
185	Um3	-3.0	26	0.722222222222	2.2	0.454545454545	-0.497167820575	46	0.718750000000	-0.477167820575	m0p477168	0.02	plus_0p02	6	6	0.1	2000	10000	20	3	ccsd	/home/9pm/nUHubbard/runs/gce_mu_L6_L8seed_20260719/attractive/Um3/Ntot026_n0.722222_b2p2_mum0p477168_plus_0p02	916000185	1907193185	Um3_L6_N026_b2p2	initial_L8_seed_pm0p02	scripts_interacting_qmc_ed_gce_prod_L8_found_mu_N46_allU_Up5small_beta_le10_20260713_manifests_gce_prod_L8_found_mu_attractive_20260713_all.tsv	muL6Um3N26b2p2plus_0p02
186	Um3	-3.0	26	0.722222222222	2.5	0.400000000000	-0.478860444131	46	0.718750000000	-0.498860444131	m0p498860	-0.02	minus_0p02	6	6	0.1	2000	10000	20	3	ccsd	/home/9pm/nUHubbard/runs/gce_mu_L6_L8seed_20260719/attractive/Um3/Ntot026_n0.722222_b2p5_mum0p498860_minus_0p02	916000186	1907193186	Um3_L6_N026_b2p5	initial_L8_seed_pm0p02	scripts_interacting_qmc_ed_gce_prod_L8_found_mu_N46_allU_Up5small_beta_le10_20260713_manifests_gce_prod_L8_found_mu_attractive_20260713_all.tsv	muL6Um3N26b2p5minus_0p02
187	Um3	-3.0	26	0.722222222222	2.5	0.400000000000	-0.478860444131	46	0.718750000000	-0.478860444131	m0p478860	0.00	center	6	6	0.1	2000	10000	20	3	ccsd	/home/9pm/nUHubbard/runs/gce_mu_L6_L8seed_20260719/attractive/Um3/Ntot026_n0.722222_b2p5_mum0p478860_center	916000187	1907193187	Um3_L6_N026_b2p5	initial_L8_seed_pm0p02	scripts_interacting_qmc_ed_gce_prod_L8_found_mu_N46_allU_Up5small_beta_le10_20260713_manifests_gce_prod_L8_found_mu_attractive_20260713_all.tsv	muL6Um3N26b2p5center
188	Um3	-3.0	26	0.722222222222	2.5	0.400000000000	-0.478860444131	46	0.718750000000	-0.458860444131	m0p458860	0.02	plus_0p02	6	6	0.1	2000	10000	20	3	ccsd	/home/9pm/nUHubbard/runs/gce_mu_L6_L8seed_20260719/attractive/Um3/Ntot026_n0.722222_b2p5_mum0p458860_plus_0p02	916000188	1907193188	Um3_L6_N026_b2p5	initial_L8_seed_pm0p02	scripts_interacting_qmc_ed_gce_prod_L8_found_mu_N46_allU_Up5small_beta_le10_20260713_manifests_gce_prod_L8_found_mu_attractive_20260713_all.tsv	muL6Um3N26b2p5plus_0p02
189	Um3	-3.0	26	0.722222222222	2.9	0.344827586207	-0.459003161469	46	0.718750000000	-0.479003161469	m0p479003	-0.02	minus_0p02	6	6	0.1	2000	10000	20	3	ccsd	/home/9pm/nUHubbard/runs/gce_mu_L6_L8seed_20260719/attractive/Um3/Ntot026_n0.722222_b2p9_mum0p479003_minus_0p02	916000189	1907193189	Um3_L6_N026_b2p9	initial_L8_seed_pm0p02	scripts_interacting_qmc_ed_gce_prod_L8_found_mu_N46_allU_Up5small_beta_le10_20260713_manifests_gce_prod_L8_found_mu_attractive_20260713_all.tsv	muL6Um3N26b2p9minus_0p02
190	Um3	-3.0	26	0.722222222222	2.9	0.344827586207	-0.459003161469	46	0.718750000000	-0.459003161469	m0p459003	0.00	center	6	6	0.1	2000	10000	20	3	ccsd	/home/9pm/nUHubbard/runs/gce_mu_L6_L8seed_20260719/attractive/Um3/Ntot026_n0.722222_b2p9_mum0p459003_center	916000190	1907193190	Um3_L6_N026_b2p9	initial_L8_seed_pm0p02	scripts_interacting_qmc_ed_gce_prod_L8_found_mu_N46_allU_Up5small_beta_le10_20260713_manifests_gce_prod_L8_found_mu_attractive_20260713_all.tsv	muL6Um3N26b2p9center
191	Um3	-3.0	26	0.722222222222	2.9	0.344827586207	-0.459003161469	46	0.718750000000	-0.439003161469	m0p439003	0.02	plus_0p02	6	6	0.1	2000	10000	20	3	ccsd	/home/9pm/nUHubbard/runs/gce_mu_L6_L8seed_20260719/attractive/Um3/Ntot026_n0.722222_b2p9_mum0p439003_plus_0p02	916000191	1907193191	Um3_L6_N026_b2p9	initial_L8_seed_pm0p02	scripts_interacting_qmc_ed_gce_prod_L8_found_mu_N46_allU_Up5small_beta_le10_20260713_manifests_gce_prod_L8_found_mu_attractive_20260713_all.tsv	muL6Um3N26b2p9plus_0p02
192	Um3	-3.0	26	0.722222222222	3.3	0.303030303030	-0.442970268190	46	0.718750000000	-0.462970268190	m0p462970	-0.02	minus_0p02	6	6	0.1	2000	10000	20	3	ccsd	/home/9pm/nUHubbard/runs/gce_mu_L6_L8seed_20260719/attractive/Um3/Ntot026_n0.722222_b3p3_mum0p462970_minus_0p02	916000192	1907193192	Um3_L6_N026_b3p3	initial_L8_seed_pm0p02	scripts_interacting_qmc_ed_gce_prod_L8_found_mu_N46_allU_Up5small_beta_le10_20260713_manifests_gce_prod_L8_found_mu_attractive_20260713_all.tsv	muL6Um3N26b3p3minus_0p02
193	Um3	-3.0	26	0.722222222222	3.3	0.303030303030	-0.442970268190	46	0.718750000000	-0.442970268190	m0p442970	0.00	center	6	6	0.1	2000	10000	20	3	ccsd	/home/9pm/nUHubbard/runs/gce_mu_L6_L8seed_20260719/attractive/Um3/Ntot026_n0.722222_b3p3_mum0p442970_center	916000193	1907193193	Um3_L6_N026_b3p3	initial_L8_seed_pm0p02	scripts_interacting_qmc_ed_gce_prod_L8_found_mu_N46_allU_Up5small_beta_le10_20260713_manifests_gce_prod_L8_found_mu_attractive_20260713_all.tsv	muL6Um3N26b3p3center
194	Um3	-3.0	26	0.722222222222	3.3	0.303030303030	-0.442970268190	46	0.718750000000	-0.422970268190	m0p422970	0.02	plus_0p02	6	6	0.1	2000	10000	20	3	ccsd	/home/9pm/nUHubbard/runs/gce_mu_L6_L8seed_20260719/attractive/Um3/Ntot026_n0.722222_b3p3_mum0p422970_plus_0p02	916000194	1907193194	Um3_L6_N026_b3p3	initial_L8_seed_pm0p02	scripts_interacting_qmc_ed_gce_prod_L8_found_mu_N46_allU_Up5small_beta_le10_20260713_manifests_gce_prod_L8_found_mu_attractive_20260713_all.tsv	muL6Um3N26b3p3plus_0p02
195	Um3	-3.0	26	0.722222222222	4.0	0.250000000000	-0.419326120219	46	0.718750000000	-0.439326120219	m0p439326	-0.02	minus_0p02	6	6	0.1	2000	10000	20	3	ccsd	/home/9pm/nUHubbard/runs/gce_mu_L6_L8seed_20260719/attractive/Um3/Ntot026_n0.722222_b4p0_mum0p439326_minus_0p02	916000195	1907193195	Um3_L6_N026_b4p0	initial_L8_seed_pm0p02	scripts_interacting_qmc_ed_gce_prod_L8_found_mu_N46_allU_Up5small_beta_le10_20260713_manifests_gce_prod_L8_found_mu_attractive_20260713_all.tsv	muL6Um3N26b4p0minus_0p02
196	Um3	-3.0	26	0.722222222222	4.0	0.250000000000	-0.419326120219	46	0.718750000000	-0.419326120219	m0p419326	0.00	center	6	6	0.1	2000	10000	20	3	ccsd	/home/9pm/nUHubbard/runs/gce_mu_L6_L8seed_20260719/attractive/Um3/Ntot026_n0.722222_b4p0_mum0p419326_center	916000196	1907193196	Um3_L6_N026_b4p0	initial_L8_seed_pm0p02	scripts_interacting_qmc_ed_gce_prod_L8_found_mu_N46_allU_Up5small_beta_le10_20260713_manifests_gce_prod_L8_found_mu_attractive_20260713_all.tsv	muL6Um3N26b4p0center
197	Um3	-3.0	26	0.722222222222	4.0	0.250000000000	-0.419326120219	46	0.718750000000	-0.399326120219	m0p399326	0.02	plus_0p02	6	6	0.1	2000	10000	20	3	ccsd	/home/9pm/nUHubbard/runs/gce_mu_L6_L8seed_20260719/attractive/Um3/Ntot026_n0.722222_b4p0_mum0p399326_plus_0p02	916000197	1907193197	Um3_L6_N026_b4p0	initial_L8_seed_pm0p02	scripts_interacting_qmc_ed_gce_prod_L8_found_mu_N46_allU_Up5small_beta_le10_20260713_manifests_gce_prod_L8_found_mu_attractive_20260713_all.tsv	muL6Um3N26b4p0plus_0p02
198	Um3	-3.0	26	0.722222222222	5.0	0.200000000000	-0.391659186210	46	0.718750000000	-0.411659186210	m0p411659	-0.02	minus_0p02	6	6	0.1	2000	10000	20	3	ccsd	/home/9pm/nUHubbard/runs/gce_mu_L6_L8seed_20260719/attractive/Um3/Ntot026_n0.722222_b5p0_mum0p411659_minus_0p02	916000198	1907193198	Um3_L6_N026_b5p0	initial_L8_seed_pm0p02	scripts_interacting_qmc_ed_gce_prod_L8_found_mu_N46_allU_Up5small_beta_le10_20260713_manifests_gce_prod_L8_found_mu_attractive_20260713_all.tsv	muL6Um3N26b5p0minus_0p02
199	Um3	-3.0	26	0.722222222222	5.0	0.200000000000	-0.391659186210	46	0.718750000000	-0.391659186210	m0p391659	0.00	center	6	6	0.1	2000	10000	20	3	ccsd	/home/9pm/nUHubbard/runs/gce_mu_L6_L8seed_20260719/attractive/Um3/Ntot026_n0.722222_b5p0_mum0p391659_center	916000199	1907193199	Um3_L6_N026_b5p0	initial_L8_seed_pm0p02	scripts_interacting_qmc_ed_gce_prod_L8_found_mu_N46_allU_Up5small_beta_le10_20260713_manifests_gce_prod_L8_found_mu_attractive_20260713_all.tsv	muL6Um3N26b5p0center
200	Um3	-3.0	26	0.722222222222	5.0	0.200000000000	-0.391659186210	46	0.718750000000	-0.371659186210	m0p371659	0.02	plus_0p02	6	6	0.1	2000	10000	20	3	ccsd	/home/9pm/nUHubbard/runs/gce_mu_L6_L8seed_20260719/attractive/Um3/Ntot026_n0.722222_b5p0_mum0p371659_plus_0p02	916000200	1907193200	Um3_L6_N026_b5p0	initial_L8_seed_pm0p02	scripts_interacting_qmc_ed_gce_prod_L8_found_mu_N46_allU_Up5small_beta_le10_20260713_manifests_gce_prod_L8_found_mu_attractive_20260713_all.tsv	muL6Um3N26b5p0plus_0p02
201	Um3	-3.0	26	0.722222222222	6.7	0.149253731343	-0.358854688951	46	0.718750000000	-0.378854688951	m0p378855	-0.02	minus_0p02	6	6	0.1	2000	10000	20	3	ccsd	/home/9pm/nUHubbard/runs/gce_mu_L6_L8seed_20260719/attractive/Um3/Ntot026_n0.722222_b6p7_mum0p378855_minus_0p02	916000201	1907193201	Um3_L6_N026_b6p7	initial_L8_seed_pm0p02	scripts_interacting_qmc_ed_gce_prod_L8_found_mu_N46_allU_Up5small_beta_le10_20260713_manifests_gce_prod_L8_found_mu_attractive_20260713_all.tsv	muL6Um3N26b6p7minus_0p02
202	Um3	-3.0	26	0.722222222222	6.7	0.149253731343	-0.358854688951	46	0.718750000000	-0.358854688951	m0p358855	0.00	center	6	6	0.1	2000	10000	20	3	ccsd	/home/9pm/nUHubbard/runs/gce_mu_L6_L8seed_20260719/attractive/Um3/Ntot026_n0.722222_b6p7_mum0p358855_center	916000202	1907193202	Um3_L6_N026_b6p7	initial_L8_seed_pm0p02	scripts_interacting_qmc_ed_gce_prod_L8_found_mu_N46_allU_Up5small_beta_le10_20260713_manifests_gce_prod_L8_found_mu_attractive_20260713_all.tsv	muL6Um3N26b6p7center
203	Um3	-3.0	26	0.722222222222	6.7	0.149253731343	-0.358854688951	46	0.718750000000	-0.338854688951	m0p338855	0.02	plus_0p02	6	6	0.1	2000	10000	20	3	ccsd	/home/9pm/nUHubbard/runs/gce_mu_L6_L8seed_20260719/attractive/Um3/Ntot026_n0.722222_b6p7_mum0p338855_plus_0p02	916000203	1907193203	Um3_L6_N026_b6p7	initial_L8_seed_pm0p02	scripts_interacting_qmc_ed_gce_prod_L8_found_mu_N46_allU_Up5small_beta_le10_20260713_manifests_gce_prod_L8_found_mu_attractive_20260713_all.tsv	muL6Um3N26b6p7plus_0p02
204	Um3	-3.0	26	0.722222222222	10.0	0.100000000000	-0.339220117358	46	0.718750000000	-0.359220117358	m0p359220	-0.02	minus_0p02	6	6	0.1	2000	10000	20	3	ccsd	/home/9pm/nUHubbard/runs/gce_mu_L6_L8seed_20260719/attractive/Um3/Ntot026_n0.722222_b10p0_mum0p359220_minus_0p02	916000204	1907193204	Um3_L6_N026_b10p0	initial_L8_seed_pm0p02	scripts_interacting_qmc_ed_gce_prod_L8_found_mu_N46_allU_Up5small_beta_le10_20260713_manifests_gce_prod_L8_found_mu_attractive_20260713_all.tsv	muL6Um3N26b10p0minus_0p02
205	Um3	-3.0	26	0.722222222222	10.0	0.100000000000	-0.339220117358	46	0.718750000000	-0.339220117358	m0p339220	0.00	center	6	6	0.1	2000	10000	20	3	ccsd	/home/9pm/nUHubbard/runs/gce_mu_L6_L8seed_20260719/attractive/Um3/Ntot026_n0.722222_b10p0_mum0p339220_center	916000205	1907193205	Um3_L6_N026_b10p0	initial_L8_seed_pm0p02	scripts_interacting_qmc_ed_gce_prod_L8_found_mu_N46_allU_Up5small_beta_le10_20260713_manifests_gce_prod_L8_found_mu_attractive_20260713_all.tsv	muL6Um3N26b10p0center
206	Um3	-3.0	26	0.722222222222	10.0	0.100000000000	-0.339220117358	46	0.718750000000	-0.319220117358	m0p319220	0.02	plus_0p02	6	6	0.1	2000	10000	20	3	ccsd	/home/9pm/nUHubbard/runs/gce_mu_L6_L8seed_20260719/attractive/Um3/Ntot026_n0.722222_b10p0_mum0p319220_plus_0p02	916000206	1907193206	Um3_L6_N026_b10p0	initial_L8_seed_pm0p02	scripts_interacting_qmc_ed_gce_prod_L8_found_mu_N46_allU_Up5small_beta_le10_20260713_manifests_gce_prod_L8_found_mu_attractive_20260713_all.tsv	muL6Um3N26b10p0plus_0p02
207	Um3	-3.0	26	0.722222222222	20.0	0.050000000000	-0.339286176705	46	0.718750000000	-0.359286176705	m0p359286	-0.02	minus_0p02	6	6	0.1	2000	10000	20	3	ccsd	/home/9pm/nUHubbard/runs/gce_mu_L6_L8seed_20260719/attractive/Um3/Ntot026_n0.722222_b20p0_mum0p359286_minus_0p02	916000207	1907193207	Um3_L6_N026_b20p0	initial_L8_seed_pm0p02	scripts_interacting_qmc_ed_gce_beta20_L8_Um3N32_Um3Um5N46_20260714_manifests_gce_prod_L8_beta20_N46_validated_all.tsv	muL6Um3N26b20p0minus_0p02
208	Um3	-3.0	26	0.722222222222	20.0	0.050000000000	-0.339286176705	46	0.718750000000	-0.339286176705	m0p339286	0.00	center	6	6	0.1	2000	10000	20	3	ccsd	/home/9pm/nUHubbard/runs/gce_mu_L6_L8seed_20260719/attractive/Um3/Ntot026_n0.722222_b20p0_mum0p339286_center	916000208	1907193208	Um3_L6_N026_b20p0	initial_L8_seed_pm0p02	scripts_interacting_qmc_ed_gce_beta20_L8_Um3N32_Um3Um5N46_20260714_manifests_gce_prod_L8_beta20_N46_validated_all.tsv	muL6Um3N26b20p0center
209	Um3	-3.0	26	0.722222222222	20.0	0.050000000000	-0.339286176705	46	0.718750000000	-0.319286176705	m0p319286	0.02	plus_0p02	6	6	0.1	2000	10000	20	3	ccsd	/home/9pm/nUHubbard/runs/gce_mu_L6_L8seed_20260719/attractive/Um3/Ntot026_n0.722222_b20p0_mum0p319286_plus_0p02	916000209	1907193209	Um3_L6_N026_b20p0	initial_L8_seed_pm0p02	scripts_interacting_qmc_ed_gce_beta20_L8_Um3N32_Um3Um5N46_20260714_manifests_gce_prod_L8_beta20_N46_validated_all.tsv	muL6Um3N26b20p0plus_0p02
210	Um3	-3.0	32	0.888888888889	2.0	0.500000000000	-0.217854526212	56	0.875000000000	-0.237854526212	m0p237855	-0.02	minus_0p02	6	6	0.1	2000	10000	20	3	ccsd	/home/9pm/nUHubbard/runs/gce_mu_L6_L8seed_20260719/attractive/Um3/Ntot032_n0.888889_b2p0_mum0p237855_minus_0p02	916000210	1907193210	Um3_L6_N032_b2p0	initial_L8_seed_pm0p02	scripts_interacting_qmc_ed_ce_gce_eqtime_L8_Um3_three_density_beta20_20260712_manifests_gce_prod_L8_Um3_three_density_found29_all.tsv	muL6Um3N32b2p0minus_0p02
211	Um3	-3.0	32	0.888888888889	2.0	0.500000000000	-0.217854526212	56	0.875000000000	-0.217854526212	m0p217855	0.00	center	6	6	0.1	2000	10000	20	3	ccsd	/home/9pm/nUHubbard/runs/gce_mu_L6_L8seed_20260719/attractive/Um3/Ntot032_n0.888889_b2p0_mum0p217855_center	916000211	1907193211	Um3_L6_N032_b2p0	initial_L8_seed_pm0p02	scripts_interacting_qmc_ed_ce_gce_eqtime_L8_Um3_three_density_beta20_20260712_manifests_gce_prod_L8_Um3_three_density_found29_all.tsv	muL6Um3N32b2p0center
212	Um3	-3.0	32	0.888888888889	2.0	0.500000000000	-0.217854526212	56	0.875000000000	-0.197854526212	m0p197855	0.02	plus_0p02	6	6	0.1	2000	10000	20	3	ccsd	/home/9pm/nUHubbard/runs/gce_mu_L6_L8seed_20260719/attractive/Um3/Ntot032_n0.888889_b2p0_mum0p197855_plus_0p02	916000212	1907193212	Um3_L6_N032_b2p0	initial_L8_seed_pm0p02	scripts_interacting_qmc_ed_ce_gce_eqtime_L8_Um3_three_density_beta20_20260712_manifests_gce_prod_L8_Um3_three_density_found29_all.tsv	muL6Um3N32b2p0plus_0p02
213	Um3	-3.0	32	0.888888888889	2.2	0.454545454545	-0.209627581969	56	0.875000000000	-0.229627581969	m0p229628	-0.02	minus_0p02	6	6	0.1	2000	10000	20	3	ccsd	/home/9pm/nUHubbard/runs/gce_mu_L6_L8seed_20260719/attractive/Um3/Ntot032_n0.888889_b2p2_mum0p229628_minus_0p02	916000213	1907193213	Um3_L6_N032_b2p2	initial_L8_seed_pm0p02	scripts_interacting_qmc_ed_ce_gce_eqtime_L8_Um3_three_density_beta20_20260712_manifests_gce_prod_L8_Um3_three_density_found29_all.tsv	muL6Um3N32b2p2minus_0p02
214	Um3	-3.0	32	0.888888888889	2.2	0.454545454545	-0.209627581969	56	0.875000000000	-0.209627581969	m0p209628	0.00	center	6	6	0.1	2000	10000	20	3	ccsd	/home/9pm/nUHubbard/runs/gce_mu_L6_L8seed_20260719/attractive/Um3/Ntot032_n0.888889_b2p2_mum0p209628_center	916000214	1907193214	Um3_L6_N032_b2p2	initial_L8_seed_pm0p02	scripts_interacting_qmc_ed_ce_gce_eqtime_L8_Um3_three_density_beta20_20260712_manifests_gce_prod_L8_Um3_three_density_found29_all.tsv	muL6Um3N32b2p2center
215	Um3	-3.0	32	0.888888888889	2.2	0.454545454545	-0.209627581969	56	0.875000000000	-0.189627581969	m0p189628	0.02	plus_0p02	6	6	0.1	2000	10000	20	3	ccsd	/home/9pm/nUHubbard/runs/gce_mu_L6_L8seed_20260719/attractive/Um3/Ntot032_n0.888889_b2p2_mum0p189628_plus_0p02	916000215	1907193215	Um3_L6_N032_b2p2	initial_L8_seed_pm0p02	scripts_interacting_qmc_ed_ce_gce_eqtime_L8_Um3_three_density_beta20_20260712_manifests_gce_prod_L8_Um3_three_density_found29_all.tsv	muL6Um3N32b2p2plus_0p02
216	Um3	-3.0	32	0.888888888889	2.5	0.400000000000	-0.198392141291	56	0.875000000000	-0.218392141291	m0p218392	-0.02	minus_0p02	6	6	0.1	2000	10000	20	3	ccsd	/home/9pm/nUHubbard/runs/gce_mu_L6_L8seed_20260719/attractive/Um3/Ntot032_n0.888889_b2p5_mum0p218392_minus_0p02	916000216	1907193216	Um3_L6_N032_b2p5	initial_L8_seed_pm0p02	scripts_interacting_qmc_ed_ce_gce_eqtime_L8_Um3_three_density_beta20_20260712_manifests_gce_prod_L8_Um3_three_density_found29_all.tsv	muL6Um3N32b2p5minus_0p02
217	Um3	-3.0	32	0.888888888889	2.5	0.400000000000	-0.198392141291	56	0.875000000000	-0.198392141291	m0p198392	0.00	center	6	6	0.1	2000	10000	20	3	ccsd	/home/9pm/nUHubbard/runs/gce_mu_L6_L8seed_20260719/attractive/Um3/Ntot032_n0.888889_b2p5_mum0p198392_center	916000217	1907193217	Um3_L6_N032_b2p5	initial_L8_seed_pm0p02	scripts_interacting_qmc_ed_ce_gce_eqtime_L8_Um3_three_density_beta20_20260712_manifests_gce_prod_L8_Um3_three_density_found29_all.tsv	muL6Um3N32b2p5center
218	Um3	-3.0	32	0.888888888889	2.5	0.400000000000	-0.198392141291	56	0.875000000000	-0.178392141291	m0p178392	0.02	plus_0p02	6	6	0.1	2000	10000	20	3	ccsd	/home/9pm/nUHubbard/runs/gce_mu_L6_L8seed_20260719/attractive/Um3/Ntot032_n0.888889_b2p5_mum0p178392_plus_0p02	916000218	1907193218	Um3_L6_N032_b2p5	initial_L8_seed_pm0p02	scripts_interacting_qmc_ed_ce_gce_eqtime_L8_Um3_three_density_beta20_20260712_manifests_gce_prod_L8_Um3_three_density_found29_all.tsv	muL6Um3N32b2p5plus_0p02
219	Um3	-3.0	32	0.888888888889	2.9	0.344827586207	-0.185483606708	56	0.875000000000	-0.205483606708	m0p205484	-0.02	minus_0p02	6	6	0.1	2000	10000	20	3	ccsd	/home/9pm/nUHubbard/runs/gce_mu_L6_L8seed_20260719/attractive/Um3/Ntot032_n0.888889_b2p9_mum0p205484_minus_0p02	916000219	1907193219	Um3_L6_N032_b2p9	initial_L8_seed_pm0p02	scripts_interacting_qmc_ed_ce_gce_eqtime_L8_Um3_three_density_beta20_20260712_manifests_gce_prod_L8_Um3_three_density_found29_all.tsv	muL6Um3N32b2p9minus_0p02
220	Um3	-3.0	32	0.888888888889	2.9	0.344827586207	-0.185483606708	56	0.875000000000	-0.185483606708	m0p185484	0.00	center	6	6	0.1	2000	10000	20	3	ccsd	/home/9pm/nUHubbard/runs/gce_mu_L6_L8seed_20260719/attractive/Um3/Ntot032_n0.888889_b2p9_mum0p185484_center	916000220	1907193220	Um3_L6_N032_b2p9	initial_L8_seed_pm0p02	scripts_interacting_qmc_ed_ce_gce_eqtime_L8_Um3_three_density_beta20_20260712_manifests_gce_prod_L8_Um3_three_density_found29_all.tsv	muL6Um3N32b2p9center
221	Um3	-3.0	32	0.888888888889	2.9	0.344827586207	-0.185483606708	56	0.875000000000	-0.165483606708	m0p165484	0.02	plus_0p02	6	6	0.1	2000	10000	20	3	ccsd	/home/9pm/nUHubbard/runs/gce_mu_L6_L8seed_20260719/attractive/Um3/Ntot032_n0.888889_b2p9_mum0p165484_plus_0p02	916000221	1907193221	Um3_L6_N032_b2p9	initial_L8_seed_pm0p02	scripts_interacting_qmc_ed_ce_gce_eqtime_L8_Um3_three_density_beta20_20260712_manifests_gce_prod_L8_Um3_three_density_found29_all.tsv	muL6Um3N32b2p9plus_0p02
222	Um3	-3.0	32	0.888888888889	3.3	0.303030303030	-0.173687149680	56	0.875000000000	-0.193687149680	m0p193687	-0.02	minus_0p02	6	6	0.1	2000	10000	20	3	ccsd	/home/9pm/nUHubbard/runs/gce_mu_L6_L8seed_20260719/attractive/Um3/Ntot032_n0.888889_b3p3_mum0p193687_minus_0p02	916000222	1907193222	Um3_L6_N032_b3p3	initial_L8_seed_pm0p02	scripts_interacting_qmc_ed_ce_gce_eqtime_L8_Um3_three_density_beta20_20260712_manifests_gce_prod_L8_Um3_three_density_found29_all.tsv	muL6Um3N32b3p3minus_0p02
223	Um3	-3.0	32	0.888888888889	3.3	0.303030303030	-0.173687149680	56	0.875000000000	-0.173687149680	m0p173687	0.00	center	6	6	0.1	2000	10000	20	3	ccsd	/home/9pm/nUHubbard/runs/gce_mu_L6_L8seed_20260719/attractive/Um3/Ntot032_n0.888889_b3p3_mum0p173687_center	916000223	1907193223	Um3_L6_N032_b3p3	initial_L8_seed_pm0p02	scripts_interacting_qmc_ed_ce_gce_eqtime_L8_Um3_three_density_beta20_20260712_manifests_gce_prod_L8_Um3_three_density_found29_all.tsv	muL6Um3N32b3p3center
224	Um3	-3.0	32	0.888888888889	3.3	0.303030303030	-0.173687149680	56	0.875000000000	-0.153687149680	m0p153687	0.02	plus_0p02	6	6	0.1	2000	10000	20	3	ccsd	/home/9pm/nUHubbard/runs/gce_mu_L6_L8seed_20260719/attractive/Um3/Ntot032_n0.888889_b3p3_mum0p153687_plus_0p02	916000224	1907193224	Um3_L6_N032_b3p3	initial_L8_seed_pm0p02	scripts_interacting_qmc_ed_ce_gce_eqtime_L8_Um3_three_density_beta20_20260712_manifests_gce_prod_L8_Um3_three_density_found29_all.tsv	muL6Um3N32b3p3plus_0p02
225	Um3	-3.0	32	0.888888888889	4.0	0.250000000000	-0.155820011399	56	0.875000000000	-0.175820011399	m0p175820	-0.02	minus_0p02	6	6	0.1	2000	10000	20	3	ccsd	/home/9pm/nUHubbard/runs/gce_mu_L6_L8seed_20260719/attractive/Um3/Ntot032_n0.888889_b4p0_mum0p175820_minus_0p02	916000225	1907193225	Um3_L6_N032_b4p0	initial_L8_seed_pm0p02	scripts_interacting_qmc_ed_ce_gce_eqtime_L8_Um3_three_density_beta20_20260712_manifests_gce_prod_L8_Um3_three_density_found29_all.tsv	muL6Um3N32b4p0minus_0p02
226	Um3	-3.0	32	0.888888888889	4.0	0.250000000000	-0.155820011399	56	0.875000000000	-0.155820011399	m0p155820	0.00	center	6	6	0.1	2000	10000	20	3	ccsd	/home/9pm/nUHubbard/runs/gce_mu_L6_L8seed_20260719/attractive/Um3/Ntot032_n0.888889_b4p0_mum0p155820_center	916000226	1907193226	Um3_L6_N032_b4p0	initial_L8_seed_pm0p02	scripts_interacting_qmc_ed_ce_gce_eqtime_L8_Um3_three_density_beta20_20260712_manifests_gce_prod_L8_Um3_three_density_found29_all.tsv	muL6Um3N32b4p0center
227	Um3	-3.0	32	0.888888888889	4.0	0.250000000000	-0.155820011399	56	0.875000000000	-0.135820011399	m0p135820	0.02	plus_0p02	6	6	0.1	2000	10000	20	3	ccsd	/home/9pm/nUHubbard/runs/gce_mu_L6_L8seed_20260719/attractive/Um3/Ntot032_n0.888889_b4p0_mum0p135820_plus_0p02	916000227	1907193227	Um3_L6_N032_b4p0	initial_L8_seed_pm0p02	scripts_interacting_qmc_ed_ce_gce_eqtime_L8_Um3_three_density_beta20_20260712_manifests_gce_prod_L8_Um3_three_density_found29_all.tsv	muL6Um3N32b4p0plus_0p02
228	Um3	-3.0	32	0.888888888889	5.0	0.200000000000	-0.137403546708	56	0.875000000000	-0.157403546708	m0p157404	-0.02	minus_0p02	6	6	0.1	2000	10000	20	3	ccsd	/home/9pm/nUHubbard/runs/gce_mu_L6_L8seed_20260719/attractive/Um3/Ntot032_n0.888889_b5p0_mum0p157404_minus_0p02	916000228	1907193228	Um3_L6_N032_b5p0	initial_L8_seed_pm0p02	scripts_interacting_qmc_ed_ce_gce_eqtime_L8_Um3_three_density_beta20_20260712_manifests_gce_prod_L8_Um3_three_density_found29_all.tsv	muL6Um3N32b5p0minus_0p02
229	Um3	-3.0	32	0.888888888889	5.0	0.200000000000	-0.137403546708	56	0.875000000000	-0.137403546708	m0p137404	0.00	center	6	6	0.1	2000	10000	20	3	ccsd	/home/9pm/nUHubbard/runs/gce_mu_L6_L8seed_20260719/attractive/Um3/Ntot032_n0.888889_b5p0_mum0p137404_center	916000229	1907193229	Um3_L6_N032_b5p0	initial_L8_seed_pm0p02	scripts_interacting_qmc_ed_ce_gce_eqtime_L8_Um3_three_density_beta20_20260712_manifests_gce_prod_L8_Um3_three_density_found29_all.tsv	muL6Um3N32b5p0center
230	Um3	-3.0	32	0.888888888889	5.0	0.200000000000	-0.137403546708	56	0.875000000000	-0.117403546708	m0p117404	0.02	plus_0p02	6	6	0.1	2000	10000	20	3	ccsd	/home/9pm/nUHubbard/runs/gce_mu_L6_L8seed_20260719/attractive/Um3/Ntot032_n0.888889_b5p0_mum0p117404_plus_0p02	916000230	1907193230	Um3_L6_N032_b5p0	initial_L8_seed_pm0p02	scripts_interacting_qmc_ed_ce_gce_eqtime_L8_Um3_three_density_beta20_20260712_manifests_gce_prod_L8_Um3_three_density_found29_all.tsv	muL6Um3N32b5p0plus_0p02
231	Um3	-3.0	32	0.888888888889	6.7	0.149253731343	-0.121316818419	56	0.875000000000	-0.141316818419	m0p141317	-0.02	minus_0p02	6	6	0.1	2000	10000	20	3	ccsd	/home/9pm/nUHubbard/runs/gce_mu_L6_L8seed_20260719/attractive/Um3/Ntot032_n0.888889_b6p7_mum0p141317_minus_0p02	916000231	1907193231	Um3_L6_N032_b6p7	initial_L8_seed_pm0p02	scripts_interacting_qmc_ed_ce_gce_eqtime_L8_Um3_three_density_beta20_20260712_manifests_gce_prod_L8_Um3_three_density_found29_all.tsv	muL6Um3N32b6p7minus_0p02
232	Um3	-3.0	32	0.888888888889	6.7	0.149253731343	-0.121316818419	56	0.875000000000	-0.121316818419	m0p121317	0.00	center	6	6	0.1	2000	10000	20	3	ccsd	/home/9pm/nUHubbard/runs/gce_mu_L6_L8seed_20260719/attractive/Um3/Ntot032_n0.888889_b6p7_mum0p121317_center	916000232	1907193232	Um3_L6_N032_b6p7	initial_L8_seed_pm0p02	scripts_interacting_qmc_ed_ce_gce_eqtime_L8_Um3_three_density_beta20_20260712_manifests_gce_prod_L8_Um3_three_density_found29_all.tsv	muL6Um3N32b6p7center
233	Um3	-3.0	32	0.888888888889	6.7	0.149253731343	-0.121316818419	56	0.875000000000	-0.101316818419	m0p101317	0.02	plus_0p02	6	6	0.1	2000	10000	20	3	ccsd	/home/9pm/nUHubbard/runs/gce_mu_L6_L8seed_20260719/attractive/Um3/Ntot032_n0.888889_b6p7_mum0p101317_plus_0p02	916000233	1907193233	Um3_L6_N032_b6p7	initial_L8_seed_pm0p02	scripts_interacting_qmc_ed_ce_gce_eqtime_L8_Um3_three_density_beta20_20260712_manifests_gce_prod_L8_Um3_three_density_found29_all.tsv	muL6Um3N32b6p7plus_0p02
234	Um3	-3.0	32	0.888888888889	10.0	0.100000000000	-0.115459339224	56	0.875000000000	-0.135459339224	m0p135459	-0.02	minus_0p02	6	6	0.1	2000	10000	20	3	ccsd	/home/9pm/nUHubbard/runs/gce_mu_L6_L8seed_20260719/attractive/Um3/Ntot032_n0.888889_b10p0_mum0p135459_minus_0p02	916000234	1907193234	Um3_L6_N032_b10p0	initial_L8_seed_pm0p02	scripts_interacting_qmc_ed_ce_gce_eqtime_L8_Um3_three_density_beta20_20260712_manifests_gce_prod_L8_Um3_three_density_found29_all.tsv	muL6Um3N32b10p0minus_0p02
235	Um3	-3.0	32	0.888888888889	10.0	0.100000000000	-0.115459339224	56	0.875000000000	-0.115459339224	m0p115459	0.00	center	6	6	0.1	2000	10000	20	3	ccsd	/home/9pm/nUHubbard/runs/gce_mu_L6_L8seed_20260719/attractive/Um3/Ntot032_n0.888889_b10p0_mum0p115459_center	916000235	1907193235	Um3_L6_N032_b10p0	initial_L8_seed_pm0p02	scripts_interacting_qmc_ed_ce_gce_eqtime_L8_Um3_three_density_beta20_20260712_manifests_gce_prod_L8_Um3_three_density_found29_all.tsv	muL6Um3N32b10p0center
236	Um3	-3.0	32	0.888888888889	10.0	0.100000000000	-0.115459339224	56	0.875000000000	-0.095459339224	m0p095459	0.02	plus_0p02	6	6	0.1	2000	10000	20	3	ccsd	/home/9pm/nUHubbard/runs/gce_mu_L6_L8seed_20260719/attractive/Um3/Ntot032_n0.888889_b10p0_mum0p095459_plus_0p02	916000236	1907193236	Um3_L6_N032_b10p0	initial_L8_seed_pm0p02	scripts_interacting_qmc_ed_ce_gce_eqtime_L8_Um3_three_density_beta20_20260712_manifests_gce_prod_L8_Um3_three_density_found29_all.tsv	muL6Um3N32b10p0plus_0p02
237	Um3	-3.0	32	0.888888888889	20.0	0.050000000000	-0.111865592500	56	0.875000000000	-0.131865592500	m0p131866	-0.02	minus_0p02	6	6	0.1	2000	10000	20	3	ccsd	/home/9pm/nUHubbard/runs/gce_mu_L6_L8seed_20260719/attractive/Um3/Ntot032_n0.888889_b20p0_mum0p131866_minus_0p02	916000237	1907193237	Um3_L6_N032_b20p0	initial_L8_seed_pm0p02	scripts_interacting_qmc_ed_ce_gce_eqtime_L8_Um3_three_density_beta20_20260712_manifests_gce_prod_L8_Um3_three_density_found29_all.tsv	muL6Um3N32b20p0minus_0p02
238	Um3	-3.0	32	0.888888888889	20.0	0.050000000000	-0.111865592500	56	0.875000000000	-0.111865592500	m0p111866	0.00	center	6	6	0.1	2000	10000	20	3	ccsd	/home/9pm/nUHubbard/runs/gce_mu_L6_L8seed_20260719/attractive/Um3/Ntot032_n0.888889_b20p0_mum0p111866_center	916000238	1907193238	Um3_L6_N032_b20p0	initial_L8_seed_pm0p02	scripts_interacting_qmc_ed_ce_gce_eqtime_L8_Um3_three_density_beta20_20260712_manifests_gce_prod_L8_Um3_three_density_found29_all.tsv	muL6Um3N32b20p0center
239	Um3	-3.0	32	0.888888888889	20.0	0.050000000000	-0.111865592500	56	0.875000000000	-0.091865592500	m0p091866	0.02	plus_0p02	6	6	0.1	2000	10000	20	3	ccsd	/home/9pm/nUHubbard/runs/gce_mu_L6_L8seed_20260719/attractive/Um3/Ntot032_n0.888889_b20p0_mum0p091866_plus_0p02	916000239	1907193239	Um3_L6_N032_b20p0	initial_L8_seed_pm0p02	scripts_interacting_qmc_ed_ce_gce_eqtime_L8_Um3_three_density_beta20_20260712_manifests_gce_prod_L8_Um3_three_density_found29_all.tsv	muL6Um3N32b20p0plus_0p02
