beta	temperature	nsites	canonical_n	mu_grand_canonical	avg_n_grand_canonical	energy_per_particle_grand_canonical	energy_per_particle_canonical	kappa_grand_canonical	kappa_canonical	entropy_per_particle_grand_canonical	entropy_per_particle_canonical
1.000000	1.000000000000	4096	2048	0.000000000000	2048.000000000000	-1.260629009710	-1.260778171393	0.146862167070	0.146881141342	0.899478861498	0.897318604339
2.000000	0.500000000000	4096	2048	0.000000000000	2048.000000000000	-1.498206900823	-1.498295859277	0.182893955402	0.182922190103	0.573674987576	0.571601630120
3.000000	0.333333333333	4096	2048	0.000000000000	2048.000000000000	-1.559191263018	-1.559252663592	0.203029662150	0.203068116452	0.426572364596	0.424566209143
