radius	nsites	lowest_eigenvalue	highest_eigenvalue
3.000000	29	-3.498292919561	3.498292919561
4.000000	49	-3.689900503928	3.689900503928
